sku,csv_filename,real_filename,real_url,status
"pspirit-spur-mulsanne-brooklands-chassis-numbers-54001-on-p11664","1487064342-64859000.jpg","1487064342-64859000.jpg","https://www.introcar.com/media/lookbookslider/1487064342-64859000.jpg","downloaded"
"ptinental-chassis-numbers-50001-on-including-2000-2002-my-p11666","1487064342-64859000.jpg","1487064342-64859000.jpg","https://www.introcar.com/media/lookbookslider/1487064342-64859000.jpg","already_exists"
"pcars-p9325","1472123417-38966800.jpg","1472123417-38966800.jpg","https://www.introcar.com/media/lookbookslider/1472123417-38966800.jpg","downloaded"
"pactuator-recirculation-flap-chassis-numbers-30000-38791-p9266","1456304832-20052200.jpg","1456304832-20052200.jpg","https://www.introcar.com/media/lookbookslider/1456304832-20052200.jpg","downloaded"
"paerial-seal-standard-four-door-cars-p5440","1427703255-74337100.jpg","1427703255-74337100.jpg","https://www.introcar.com/media/lookbookslider/1427703255-74337100.jpg","downloaded"
"pair-intake-seals-standard-four-door-cars-p5442","1427703729-35789500.jpg","1427703729-35789500.jpg","https://www.introcar.com/media/lookbookslider/1427703729-35789500.jpg","downloaded"
"pair-intake-azure-chassis-numbers-50801-53851-p16252","1544427865-33287900.jpg","1544427865-33287900.jpg","https://www.introcar.com/media/lookbookslider/1544427865-33287900.jpg","downloaded"
"pair-intake-azure-chassis-numbers-61002-99999-type-1-p16259","1544432418-07194400.jpg","1544432418-07194400.jpg","https://www.introcar.com/media/lookbookslider/1544432418-07194400.jpg","downloaded"
"pair-intake-azure-chassis-numbers-61501-99999-type-2-p16266","1544434619-31783200.jpg","1544434619-31783200.jpg","https://www.introcar.com/media/lookbookslider/1544434619-31783200.jpg","downloaded"
"pair-intake-brooklands-chassis-numbers-46004-46778-p16231","1544359405-45457400.jpg","1544359405-45457400.jpg","https://www.introcar.com/media/lookbookslider/1544359405-45457400.jpg","downloaded"
"pair-intake-brooklands-chassis-numbers-54007-55755-p16239","1544379780-76538400.jpg","1544379780-76538400.jpg","https://www.introcar.com/media/lookbookslider/1544379780-76538400.jpg","downloaded"
"pair-intake-brooklands-chassis-numbers-57006-58285-p16249","1544427865-33287900.jpg","1544427865-33287900.jpg","https://www.introcar.com/media/lookbookslider/1544427865-33287900.jpg","already_exists"
"pair-intake-brooklands-chassis-numbers-59010-99999-p16256","1544432418-07194400.jpg","1544432418-07194400.jpg","https://www.introcar.com/media/lookbookslider/1544432418-07194400.jpg","already_exists"
"pair-intake-continental-r-chassis-numbers-42001-42728-p16234","1544359405-45457400.jpg","1544359405-45457400.jpg","https://www.introcar.com/media/lookbookslider/1544359405-45457400.jpg","already_exists"
"pair-intake-continental-r-chassis-numbers-52001-52449-p16242","1544379780-76538400.jpg","1544379780-76538400.jpg","https://www.introcar.com/media/lookbookslider/1544379780-76538400.jpg","already_exists"
"pair-intake-continental-r-chassis-numbers-53001-53193-p16250","1544427865-33287900.jpg","1544427865-33287900.jpg","https://www.introcar.com/media/lookbookslider/1544427865-33287900.jpg","already_exists"
"p-intake-continental-r-chassis-numbers-53301-99999-type-1-p16258","1544432418-07194400.jpg","1544432418-07194400.jpg","https://www.introcar.com/media/lookbookslider/1544432418-07194400.jpg","already_exists"
"p-intake-continental-r-chassis-numbers-63001-99999-type-2-p16265","1544434619-31783200.jpg","1544434619-31783200.jpg","https://www.introcar.com/media/lookbookslider/1544434619-31783200.jpg","already_exists"
"pintake-continental-sc-chassis-numbers-65000-99999-type-1-p16263","1544432418-07194400.jpg","1544432418-07194400.jpg","https://www.introcar.com/media/lookbookslider/1544432418-07194400.jpg","already_exists"
"pair-intake-continental-t-chassis-numbers-53159-53514-p16261","1544432418-07194400.jpg","1544432418-07194400.jpg","https://www.introcar.com/media/lookbookslider/1544432418-07194400.jpg","already_exists"
"py-eight-chassis-numbers-08862-14869-other-than-usa-japan-p16204","1543751479-28594200.jpg","1543751479-28594200.jpg","https://www.introcar.com/media/lookbookslider/1543751479-28594200.jpg","downloaded"
"py-eight-chassis-numbers-14870-16954-other-than-usa-japan-p16207","1543752422-75739200.jpg","1543752422-75739200.jpg","https://www.introcar.com/media/lookbookslider/1543752422-75739200.jpg","downloaded"
"pair-intake-bentley-eight-chassis-numbers-20013-27799-p16210","1543923008-43829300.jpg","1543923008-43829300.jpg","https://www.introcar.com/media/lookbookslider/1543923008-43829300.jpg","downloaded"
"pair-intake-bentley-eight-chassis-numbers-31008-44562-p16229","1544359405-45457400.jpg","1544359405-45457400.jpg","https://www.introcar.com/media/lookbookslider/1544359405-45457400.jpg","already_exists"
"pair-intake-silver-dawn-chassis-numbers-55078-58198-p16246","1544427865-33287900.jpg","1544427865-33287900.jpg","https://www.introcar.com/media/lookbookslider/1544427865-33287900.jpg","already_exists"
"pair-intake-silver-dawn-chassis-numbers-59001-99999-p16255","1544432418-07194400.jpg","1544432418-07194400.jpg","https://www.introcar.com/media/lookbookslider/1544432418-07194400.jpg","already_exists"
"pair-intake-silver-spur-chassis-numbers-57001-58293-p16247","1544427865-33287900.jpg","1544427865-33287900.jpg","https://www.introcar.com/media/lookbookslider/1544427865-33287900.jpg","already_exists"
"pair-intake-silver-spur-chassis-numbers-59006-99999-p16254","1544432418-07194400.jpg","1544432418-07194400.jpg","https://www.introcar.com/media/lookbookslider/1544432418-07194400.jpg","already_exists"
"pair-intake-touring-limousine-chassis-numbers-80201-80211-p16248","1544427865-33287900.jpg","1544427865-33287900.jpg","https://www.introcar.com/media/lookbookslider/1544427865-33287900.jpg","already_exists"
"pspur-mulsanne-s-eight-turbo-r-chassis-numbers-31001-33008-p9635","1475219593-54965800.jpg","1475219593-54965800.jpg","https://www.introcar.com/media/lookbookslider/1475219593-54965800.jpg","downloaded"
"pes-siren-corniche-continental-chassis-numbers-40501-40533-p9649","1475224079-65060600.jpg","1475224079-65060600.jpg","https://www.introcar.com/media/lookbookslider/1475224079-65060600.jpg","downloaded"
"pr-spirit-spur-brooklands-turbo-r-chassis-numbers-54001-on-p9654","1475225872-75307700.jpg","1475225872-75307700.jpg","https://www.introcar.com/media/lookbookslider/1475225872-75307700.jpg","downloaded"
"pes-siren-corniche-continental-chassis-numbers-40002-40090-p9644","1475222279-22687400.jpg","1475222279-22687400.jpg","https://www.introcar.com/media/lookbookslider/1475222279-22687400.jpg","downloaded"
"pe-remotes-siren-continental-r-chassis-numbers-42001-42203-p9652","1475222279-22687400.jpg","1475222279-22687400.jpg","https://www.introcar.com/media/lookbookslider/1475222279-22687400.jpg","already_exists"
"pe-remotes-siren-continental-r-chassis-numbers-42501-42728-p9651","1475224079-65060600.jpg","1475224079-65060600.jpg","https://www.introcar.com/media/lookbookslider/1475224079-65060600.jpg","already_exists"
"potes-siren-mulsanne-sl-chassis-numbers-33987-44582-type-2-p9640","1475219630-51091500.jpg","1475219630-51091500.jpg","https://www.introcar.com/media/lookbookslider/1475219630-51091500.jpg","downloaded"
"pmotes-siren-touring-limousine-chassis-numbers-80038-80056-p9650","1475224079-65060600.jpg","1475224079-65060600.jpg","https://www.introcar.com/media/lookbookslider/1475224079-65060600.jpg","already_exists"
"pspur-eight-mulsanne-s-turbo-r-chassis-numbers-33009-36323-p9639","1475219630-51091500.jpg","1475219630-51091500.jpg","https://www.introcar.com/media/lookbookslider/1475219630-51091500.jpg","already_exists"
"ps-corniche-chassis-numbers-05037-16968-engine-components-p12723","1495698396-84006200.jpg","1495698396-84006200.jpg","https://www.introcar.com/media/lookbookslider/1495698396-84006200.jpg","downloaded"
"pbelts-mulsanne-s-chassis-numbers-20013-24568-steering-p13058","1495529252-79896800.jpg","1495529252-79896800.jpg","https://www.introcar.com/media/lookbookslider/1495529252-79896800.jpg","downloaded"
"pbelts-mulsanne-s-chassis-numbers-24569-27798-steering-p13059","1495699866-40011300.jpg","1495699866-40011300.jpg","https://www.introcar.com/media/lookbookslider/1495699866-40011300.jpg","downloaded"
"pts-turbo-r-chassis-numbers-24567-27793-engine-components-p12737","1495699866-40011300.jpg","1495699866-40011300.jpg","https://www.introcar.com/media/lookbookslider/1495699866-40011300.jpg","already_exists"
"pbrooklands-chassis-numbers-31001-46781-engine-components-p12738","1495529810-93738800.jpg","1495529810-93738800.jpg","https://www.introcar.com/media/lookbookslider/1495529810-93738800.jpg","downloaded"
"pbelts-flying-spur-silver-dawn-steering-p13067","1495788045-26136300.jpg","1495788045-26136300.jpg","https://www.introcar.com/media/lookbookslider/1495788045-26136300.jpg","downloaded"
"plts-azure-continental-t-continental-sc-engine-components-p12755","1495788045-26136300.jpg","1495788045-26136300.jpg","https://www.introcar.com/media/lookbookslider/1495788045-26136300.jpg","already_exists"
"pontinental-chassis-numbers-20010-29289-engine-components-p12734","1495529252-79896800.jpg","1495529252-79896800.jpg","https://www.introcar.com/media/lookbookslider/1495529252-79896800.jpg","already_exists"
"pontinental-chassis-numbers-30002-40531-engine-components-p12744","1495529810-93738800.jpg","1495529810-93738800.jpg","https://www.introcar.com/media/lookbookslider/1495529810-93738800.jpg","already_exists"
"ps-continental-chassis-numbers-50003-on-engine-components-p12753","1495788045-26136300.jpg","1495788045-26136300.jpg","https://www.introcar.com/media/lookbookslider/1495788045-26136300.jpg","already_exists"
"ptinental-r-chassis-numbers-42001-52000-engine-components-p12746","1495529810-93738800.jpg","1495529810-93738800.jpg","https://www.introcar.com/media/lookbookslider/1495529810-93738800.jpg","already_exists"
"pumbers-52001-on-including-2000-2003-my-engine-components-p12754","1495788045-26136300.jpg","1495788045-26136300.jpg","https://www.introcar.com/media/lookbookslider/1495788045-26136300.jpg","already_exists"
"pelts-corniche-chassis-numbers-20010-29289-cooling-system-p12905","1495529252-79896800.jpg","1495529252-79896800.jpg","https://www.introcar.com/media/lookbookslider/1495529252-79896800.jpg","already_exists"
"ps-corniche-chassis-numbers-30001-40533-engine-components-p12739","1495529810-93738800.jpg","1495529810-93738800.jpg","https://www.introcar.com/media/lookbookslider/1495529810-93738800.jpg","already_exists"
"pumbers-50001-on-including-2000-2002-my-engine-components-p12749","1495788045-26136300.jpg","1495788045-26136300.jpg","https://www.introcar.com/media/lookbookslider/1495788045-26136300.jpg","already_exists"
"pase-turbo-r-turbo-rl-brooklands-chassis-numbers-54006-on-p13923","1507757527-12628300.jpg","1507757527-12628300.jpg","https://www.introcar.com/media/lookbookslider/1507757527-12628300.jpg","downloaded"
"pbonnet-release-continental-r-chassis-numbers-42001-42728-p13917","1507756101-10367100.jpg","1507756101-10367100.jpg","https://www.introcar.com/media/lookbookslider/1507756101-10367100.jpg","downloaded"
"pbonnet-release-bentley-eight-chassis-numbers-31008-34470-p13900","1507718459-71767000.jpg","1507718459-71767000.jpg","https://www.introcar.com/media/lookbookslider/1507718459-71767000.jpg","downloaded"
"pbonnet-release-bentley-eight-chassis-numbers-34476-44562-p13913","1507756101-10367100.jpg","1507756101-10367100.jpg","https://www.introcar.com/media/lookbookslider/1507756101-10367100.jpg","already_exists"
"pbonnet-release-mulsanne-s-chassis-numbers-31006-34453-p13904","1507718459-71767000.jpg","1507718459-71767000.jpg","https://www.introcar.com/media/lookbookslider/1507718459-71767000.jpg","already_exists"
"pbonnet-release-mulsanne-s-chassis-numbers-34510-44588-p13915","1507756101-10367100.jpg","1507756101-10367100.jpg","https://www.introcar.com/media/lookbookslider/1507756101-10367100.jpg","already_exists"
"pbonnet-release-mulsanne-sl-p13901","1507718459-71767000.jpg","1507718459-71767000.jpg","https://www.introcar.com/media/lookbookslider/1507718459-71767000.jpg","already_exists"
"pbonnet-release-silver-spirit-chassis-numbers-31001-34467-p13898","1507718459-71767000.jpg","1507718459-71767000.jpg","https://www.introcar.com/media/lookbookslider/1507718459-71767000.jpg","already_exists"
"pbonnet-release-silver-spirit-chassis-numbers-34474-46740-p13911","1507756101-10367100.jpg","1507756101-10367100.jpg","https://www.introcar.com/media/lookbookslider/1507756101-10367100.jpg","already_exists"
"pbonnet-release-silver-spur-chassis-numbers-31002-34471-p13899","1507718459-71767000.jpg","1507718459-71767000.jpg","https://www.introcar.com/media/lookbookslider/1507718459-71767000.jpg","already_exists"
"pbonnet-release-silver-spur-chassis-numbers-34473-46781-p13912","1507756101-10367100.jpg","1507756101-10367100.jpg","https://www.introcar.com/media/lookbookslider/1507756101-10367100.jpg","already_exists"
"pcorniche-hood-bonnet-seals-rubber-bonnet-stops-p5472","1427704840-14594300.jpg","Corniche Bonnet Seals.jpg","https://www.introcar.com/media/lookbookslider/Corniche Bonnet Seals.jpg","downloaded"
"pbers-12001-13894-other-than-usa-canada-japan-middle-east-p14484","1514398616-95801000.jpg","1514398616-95801000.jpg","https://www.introcar.com/media/lookbookslider/1514398616-95801000.jpg","downloaded"
"pt-bumper-turbo-r-chassis-numbers-20001-23935-middle-east-p14558","1514971761-79768400.jpg","1514971761-79768400.jpg","https://www.introcar.com/media/lookbookslider/1514971761-79768400.jpg","downloaded"
"pr-rt-chassis-numbers-55753-60321-wraparound-bumper-japan-p14634","1514551208-53597000.jpg","1514551208-53597000.jpg","https://www.introcar.com/media/lookbookslider/1514551208-53597000.jpg","downloaded"
"purbo-r-chassis-numbers-55753-60321-wraparound-bumper-usa-p14587","1514551208-53597000.jpg","1514551208-53597000.jpg","https://www.introcar.com/media/lookbookslider/1514551208-53597000.jpg","already_exists"
"pont-bumper-silver-spirit-chassis-numbers-57003-on-canada-p14572","1514551208-53597000.jpg","1514551208-53597000.jpg","https://www.introcar.com/media/lookbookslider/1514551208-53597000.jpg","already_exists"
"pfront-bumper-silver-spirit-chassis-numbers-57003-on-usa-p14594","1514551208-53597000.jpg","1514551208-53597000.jpg","https://www.introcar.com/media/lookbookslider/1514551208-53597000.jpg","already_exists"
"pfront-bumper-turbo-r-rt-chassis-numbers-66006-on-canada-p14684","1516730565-45488800.jpg","1516730565-45488800.jpg","https://www.introcar.com/media/lookbookslider/1516730565-45488800.jpg","downloaded"
"pt-bumper-turbo-r-rt-chassis-numbers-66006-on-middle-east-p14688","1516730565-45488800.jpg","1516730565-45488800.jpg","https://www.introcar.com/media/lookbookslider/1516730565-45488800.jpg","already_exists"
"pfront-bumper-flying-spur-japan-p14630","1515400846-42088300.jpg","1515400846-42088300.jpg","https://www.introcar.com/media/lookbookslider/1515400846-42088300.jpg","downloaded"
"pfront-bumper-silver-dawn-canada-p14578","1514551208-53597000.jpg","1514551208-53597000.jpg","https://www.introcar.com/media/lookbookslider/1514551208-53597000.jpg","already_exists"
"pfront-bumper-silver-dawn-usa-p14596","1514551208-53597000.jpg","1514551208-53597000.jpg","https://www.introcar.com/media/lookbookslider/1514551208-53597000.jpg","already_exists"
"pmper-silver-spur-chassis-numbers-13825-24503-middle-east-p14553","1514971761-79768400.jpg","1514971761-79768400.jpg","https://www.introcar.com/media/lookbookslider/1514971761-79768400.jpg","already_exists"
"pfront-bumper-silver-spur-chassis-numbers-57001-on-canada-p14573","1514551208-53597000.jpg","1514551208-53597000.jpg","https://www.introcar.com/media/lookbookslider/1514551208-53597000.jpg","already_exists"
"pfront-bumper-silver-spur-chassis-numbers-57001-on-usa-p14595","1514551208-53597000.jpg","1514551208-53597000.jpg","https://www.introcar.com/media/lookbookslider/1514551208-53597000.jpg","already_exists"
"pmper-touring-limousine-chassis-numbers-80001-80137-japan-p14638","1515400846-42088300.jpg","1515400846-42088300.jpg","https://www.introcar.com/media/lookbookslider/1515400846-42088300.jpg","already_exists"
"pbumper-touring-limousine-chassis-numbers-80201-on-canada-p14581","1514551208-53597000.jpg","1514551208-53597000.jpg","https://www.introcar.com/media/lookbookslider/1514551208-53597000.jpg","already_exists"
"pnt-bumper-touring-limousine-chassis-numbers-80201-on-usa-p14597","1514551208-53597000.jpg","1514551208-53597000.jpg","https://www.introcar.com/media/lookbookslider/1514551208-53597000.jpg","already_exists"
"plifters-corniche-continental-chassis-numbers-50153-50170-p12060","1490087256-24738800.jpg","1490087256-24738800.jpg","https://www.introcar.com/media/lookbookslider/1490087256-24738800.jpg","downloaded"
"psolex-carburetor-chassis-numbers-50000-onwards-p7821","1547739635-37041100.jpg","1547739635-37041100.jpg","https://www.introcar.com/media/lookbookslider/1547739635-37041100.jpg","downloaded"
"plower-column-linkage-brooklands-non-rubber-isolated-p13117","1498640978-88651900.jpg","1498640978-88651900.jpg","https://www.introcar.com/media/lookbookslider/1498640978-88651900.jpg","downloaded"
"p04-35433-p14980","1524119947-53614000.jpg","1524119947-53614000.jpg","https://www.introcar.com/media/lookbookslider/1524119947-53614000.jpg","downloaded"
"pon-p14979","1524470199-85437500.jpg","1524470199-85437500.jpg","https://www.introcar.com/media/lookbookslider/1524470199-85437500.jpg","downloaded"
"px-cooler-hoses-pipes-turbo-r-chassis-numbers-20001-23935-p17044","1553437935-30059800.jpg","1553437935-30059800.jpg","https://www.introcar.com/media/lookbookslider/1553437935-30059800.jpg","downloaded"
"pses-pipes-silver-spur-chassis-numbers-07478-07666-type-1-p17030","1553252216-37235900.jpg","1553252216-37235900.jpg","https://www.introcar.com/media/lookbookslider/1553252216-37235900.jpg","downloaded"
"poler-hoses-pipes-silver-spur-chassis-numbers-20004-24503-p17033","1553437935-30059800.jpg","1553437935-30059800.jpg","https://www.introcar.com/media/lookbookslider/1553437935-30059800.jpg","already_exists"
"poler-hoses-pipes-silver-spur-chassis-numbers-54001-55749-p17059","1553761141-17730900.jpg","1553761141-17730900.jpg","https://www.introcar.com/media/lookbookslider/1553761141-17730900.jpg","downloaded"
"poses-pipes-touring-limousine-chassis-numbers-80101-80137-p17060","1553761141-17730900.jpg","1553761141-17730900.jpg","https://www.introcar.com/media/lookbookslider/1553761141-17730900.jpg","already_exists"
"poler-hoses-pipes-silver-dawn-chassis-numbers-57031-99999-p17074","1553763627-94748200.jpg","1553763627-94748200.jpg","https://www.introcar.com/media/lookbookslider/1553763627-94748200.jpg","downloaded"
"pcylinder-heads-turbo-r-chassis-numbers-54002-54743-p12205","1491464883-16020900.jpg","1491464883-16020900.jpg","https://www.introcar.com/media/lookbookslider/1491464883-16020900.jpg","downloaded"
"pr-heads-corniche-continental-chassis-numbers-50001-50066-p12201","1491464883-16020900.jpg","1491464883-16020900.jpg","https://www.introcar.com/media/lookbookslider/1491464883-16020900.jpg","already_exists"
"pds-silver-spirit-silver-spur-chassis-numbers-55622-55760-p12220","1491467959-97829100.jpg","1491467959-97829100.jpg","https://www.introcar.com/media/lookbookslider/1491467959-97829100.jpg","downloaded"
"pcylinder-heads-turbo-r-chassis-numbers-55621-55759-p12226","1491467959-97829100.jpg","1491467959-97829100.jpg","https://www.introcar.com/media/lookbookslider/1491467959-97829100.jpg","already_exists"
"pcylinder-heads-flying-spur-p12208","1491465977-91682700.jpg","1491465977-91682700.jpg","https://www.introcar.com/media/lookbookslider/1491465977-91682700.jpg","downloaded"
"pnder-heads-touring-limousine-chassis-numbers-80101-80120-p12202","1491464883-16020900.jpg","1491464883-16020900.jpg","https://www.introcar.com/media/lookbookslider/1491464883-16020900.jpg","already_exists"
"pengine-cover-azure-chassis-numbers-50801-62007-p12834","1496163084-10209500.jpg","1496163084-10209500.jpg","https://www.introcar.com/media/lookbookslider/1496163084-10209500.jpg","downloaded"
"pengine-cover-brooklands-chassis-numbers-54007-55755-p12821","1496160483-31969700.jpg","1496160483-31969700.jpg","https://www.introcar.com/media/lookbookslider/1496160483-31969700.jpg","downloaded"
"pengine-cover-continental-r-chassis-numbers-52001-52434-p12823","1496160483-31969700.jpg","1496160483-31969700.jpg","https://www.introcar.com/media/lookbookslider/1496160483-31969700.jpg","already_exists"
"pengine-cover-silver-dawn-chassis-number-54846-p12819","1496160483-31969700.jpg","1496160483-31969700.jpg","https://www.introcar.com/media/lookbookslider/1496160483-31969700.jpg","already_exists"
"pengine-cover-silver-spirit-chassis-numbers-57001-on-p12824","1496161205-14599000.jpg","1496161205-14599000.jpg","https://www.introcar.com/media/lookbookslider/1496161205-14599000.jpg","downloaded"
"pengine-cover-silver-spur-chassis-numbers-57001-on-p12825","1496161205-14599000.jpg","1496161205-14599000.jpg","https://www.introcar.com/media/lookbookslider/1496161205-14599000.jpg","already_exists"
"pengine-cover-turbo-r-chassis-numbers-54002-55722-p12822","1496160483-31969700.jpg","1496160483-31969700.jpg","https://www.introcar.com/media/lookbookslider/1496160483-31969700.jpg","already_exists"
"pooklands-chassis-numbers-44001-46782-electrical-ignition-p10165","1476435123-48908300.jpg","1476435123-48908300.jpg","https://www.introcar.com/media/lookbookslider/1476435123-48908300.jpg","downloaded"
"pl-chassis-numbers-31223-44582-type-2-electrical-ignition-p10169","1476435123-48908300.jpg","1476435123-48908300.jpg","https://www.introcar.com/media/lookbookslider/1476435123-48908300.jpg","already_exists"
"p-chassis-numbers-20475-27799-usa-japan-australia-exhaust-p12667","1495183818-65000900.jpg","1495183818-65000900.jpg","https://www.introcar.com/media/lookbookslider/1495183818-65000900.jpg","downloaded"
"pey-eight-chassis-numbers-22008-27799-switzerland-exhaust-p12671","1495183818-65000900.jpg","1495183818-65000900.jpg","https://www.introcar.com/media/lookbookslider/1495183818-65000900.jpg","already_exists"
"pst-silver-spirit-silver-spur-chassis-numbers-44001-46781-p15657","1536057252-35227200.jpg","1536057252-35227200.jpg","https://www.introcar.com/media/lookbookslider/1536057252-35227200.jpg","downloaded"
"ppes-silencers-catalyst-azure-chassis-numbers-50801-61182-p15688","1536226309-61275400.jpg","1536226309-61275400.jpg","https://www.introcar.com/media/lookbookslider/1536226309-61275400.jpg","downloaded"
"pncers-catalyst-continental-r-chassis-numbers-42001-42728-p15683","1536223191-27202200.jpg","1536223191-27202200.jpg","https://www.introcar.com/media/lookbookslider/1536223191-27202200.jpg","downloaded"
"pncers-catalyst-continental-r-chassis-numbers-52001-53398-p15686","1536226309-61275400.jpg","1536226309-61275400.jpg","https://www.introcar.com/media/lookbookslider/1536226309-61275400.jpg","already_exists"
"plencers-catalyst-flying-spur-chassis-numbers-55012-55761-p15685","1536226309-61275400.jpg","1536226309-61275400.jpg","https://www.introcar.com/media/lookbookslider/1536226309-61275400.jpg","already_exists"
"p-silencers-catalyst-silver-dawn-chassis-numbers-55078-on-p15666","1536059232-99095300.jpg","1536059232-99095300.jpg","https://www.introcar.com/media/lookbookslider/1536059232-99095300.jpg","downloaded"
"pers-57001-on-p9086","1469014360-72813200.jpg","1469014360-72813200.jpg","https://www.introcar.com/media/lookbookslider/1469014360-72813200.jpg","downloaded"
"p111-1","1469014360-72813200.jpg","1469014360-72813200.jpg","https://www.introcar.com/media/lookbookslider/1469014360-72813200.jpg","already_exists"
"p8000-on-including-2000-2002-my-p9137","1469014360-72813200.jpg","1469014360-72813200.jpg","https://www.introcar.com/media/lookbookslider/1469014360-72813200.jpg","already_exists"
"p9114","1469014360-72813200.jpg","1469014360-72813200.jpg","https://www.introcar.com/media/lookbookslider/1469014360-72813200.jpg","already_exists"
"p1-on-p9146","1469014360-72813200.jpg","1469014360-72813200.jpg","https://www.introcar.com/media/lookbookslider/1469014360-72813200.jpg","already_exists"
"pulsanne-s-chassis-numbers-20263-24501-cars-for-usa-japan-p16133","1542707542-02992300.jpg","1542707542-02992300.jpg","https://www.introcar.com/media/lookbookslider/1542707542-02992300.jpg","downloaded"
"pl-injection-turbo-r-turbo-rl-chassis-numbers-54002-55759-p16179","1543314807-70329900.jpg","1543314807-70329900.jpg","https://www.introcar.com/media/lookbookslider/1543314807-70329900.jpg","downloaded"
"pfuel-injection-azure-chassis-numbers-50801-61182-p16187","1543316244-76648200.jpg","1543316244-76648200.jpg","https://www.introcar.com/media/lookbookslider/1543316244-76648200.jpg","downloaded"
"pfuel-injection-brooklands-chassis-numbers-46004-46778-p16171","1542882520-83494300.jpg","1542882520-83494300.jpg","https://www.introcar.com/media/lookbookslider/1542882520-83494300.jpg","downloaded"
"pfuel-injection-brooklands-chassis-numbers-54007-55755-p16178","1543314807-70329900.jpg","1543314807-70329900.jpg","https://www.introcar.com/media/lookbookslider/1543314807-70329900.jpg","already_exists"
"pfuel-injection-brooklands-chassis-numbers-57006-99999-p16185","1543316244-76648200.jpg","1543316244-76648200.jpg","https://www.introcar.com/media/lookbookslider/1543316244-76648200.jpg","already_exists"
"pfuel-injection-continental-r-chassis-numbers-42001-42728-p16170","1542882520-83494300.jpg","1542882520-83494300.jpg","https://www.introcar.com/media/lookbookslider/1542882520-83494300.jpg","already_exists"
"pfuel-injection-continental-r-chassis-numbers-52001-52449-p16177","1543314807-70329900.jpg","1543314807-70329900.jpg","https://www.introcar.com/media/lookbookslider/1543314807-70329900.jpg","already_exists"
"pniche-chassis-numbers-68002-99999-including-2000-2002-my-p16191","1543317475-95183400.jpg","1543317475-95183400.jpg","https://www.introcar.com/media/lookbookslider/1543317475-95183400.jpg","downloaded"
"pmbers-20047-24497-cars-for-australia-switzerland-austria-p16138","1542707542-02992300.jpg","1542707542-02992300.jpg","https://www.introcar.com/media/lookbookslider/1542707542-02992300.jpg","already_exists"
"pley-eight-chassis-numbers-20047-24497-cars-for-usa-japan-p16139","1542707542-02992300.jpg","1542707542-02992300.jpg","https://www.introcar.com/media/lookbookslider/1542707542-02992300.jpg","already_exists"
"ptries-other-than-usa-japan-australia-switzerland-austria-p16152","1542791922-08928300.jpg","1542791922-08928300.jpg","https://www.introcar.com/media/lookbookslider/1542791922-08928300.jpg","downloaded"
"pther-than-usa-japan-australia-switzerland-austria-sweden-p16155","1542791616-16084600.jpg","1542791616-16084600.jpg","https://www.introcar.com/media/lookbookslider/1542791616-16084600.jpg","downloaded"
"p4513-27799-cars-for-australia-switzerland-austria-sweden-p16146","1542786074-30719100.jpg","1542786074-30719100.jpg","https://www.introcar.com/media/lookbookslider/1542786074-30719100.jpg","downloaded"
"pley-eight-chassis-numbers-24513-27799-cars-for-usa-japan-p16147","1542786074-30719100.jpg","1542786074-30719100.jpg","https://www.introcar.com/media/lookbookslider/1542786074-30719100.jpg","already_exists"
"pfuel-injection-bentley-eight-chassis-numbers-31008-44562-p16167","1542882520-83494300.jpg","1542882520-83494300.jpg","https://www.introcar.com/media/lookbookslider/1542882520-83494300.jpg","already_exists"
"pther-than-usa-japan-australia-switzerland-austria-sweden-p16154","1542791616-16084600.jpg","1542791616-16084600.jpg","https://www.introcar.com/media/lookbookslider/1542791616-16084600.jpg","already_exists"
"p-injection-touring-limousine-chassis-numbers-80101-80137-p16176","1543314807-70329900.jpg","1543314807-70329900.jpg","https://www.introcar.com/media/lookbookslider/1543314807-70329900.jpg","already_exists"
"por-silver-spirit-silver-spur-chassis-numbers-54001-55760-p16725","1543314807-70329900.jpg","1543314807-70329900.jpg","https://www.introcar.com/media/lookbookslider/1543314807-70329900.jpg","already_exists"
"pe-regulator-turbo-r-turbo-rl-chassis-numbers-54002-55759-p16732","1543314807-70329900.jpg","1543314807-70329900.jpg","https://www.introcar.com/media/lookbookslider/1543314807-70329900.jpg","already_exists"
"pfuel-pressure-regulator-continental-sc-p16734","1543317475-95183400.jpg","1543317475-95183400.jpg","https://www.introcar.com/media/lookbookslider/1543317475-95183400.jpg","already_exists"
"pmulator-corniche-continental-chassis-numbers-20010-29290-p16044","1542013308-95995800.jpg","1542013308-95995800.jpg","https://www.introcar.com/media/lookbookslider/1542013308-95995800.jpg","downloaded"
"p-pump-accumulator-mulsanne-s-chassis-numbers-20003-27798-p16045","1542013308-95995800.jpg","1542013308-95995800.jpg","https://www.introcar.com/media/lookbookslider/1542013308-95995800.jpg","already_exists"
"paccumulator-turbo-r-turbo-rl-chassis-numbers-31004-32145-p16055","1542034060-58769000.jpg","1542034060-58769000.jpg","https://www.introcar.com/media/lookbookslider/1542034060-58769000.jpg","downloaded"
"paccumulator-turbo-r-turbo-rl-chassis-numbers-33941-46783-p16072","1542039916-90554900.jpg","1542039916-90554900.jpg","https://www.introcar.com/media/lookbookslider/1542039916-90554900.jpg","downloaded"
"pfuel-pump-accumulator-azure-chassis-numbers-50801-61720-p16083","1542180729-64604100.jpg","1542180729-64604100.jpg","https://www.introcar.com/media/lookbookslider/1542180729-64604100.jpg","downloaded"
"p-pump-accumulator-brooklands-chassis-numbers-46004-46778-p16071","1542039916-90554900.jpg","1542039916-90554900.jpg","https://www.introcar.com/media/lookbookslider/1542039916-90554900.jpg","already_exists"
"p-pump-accumulator-brooklands-chassis-numbers-54007-60307-p16079","1542180729-64604100.jpg","1542180729-64604100.jpg","https://www.introcar.com/media/lookbookslider/1542180729-64604100.jpg","already_exists"
"plator-continental-r-mulliner-chassis-numbers-63160-01749-p16087","1542180729-64604100.jpg","1542180729-64604100.jpg","https://www.introcar.com/media/lookbookslider/1542180729-64604100.jpg","already_exists"
"pp-accumulator-continental-sc-chassis-numbers-65000-99999-p16093","1542187942-01034000.jpg","1542187942-01034000.jpg","https://www.introcar.com/media/lookbookslider/1542187942-01034000.jpg","downloaded"
"pmp-accumulator-continental-t-chassis-numbers-01500-18999-p16097","1542187942-01034000.jpg","1542187942-01034000.jpg","https://www.introcar.com/media/lookbookslider/1542187942-01034000.jpg","already_exists"
"pcorniche-chassis-numbers-68002-on-including-2000-2002-my-p16089","1542187942-01034000.jpg","1542187942-01034000.jpg","https://www.introcar.com/media/lookbookslider/1542187942-01034000.jpg","already_exists"
"pmp-accumulator-bentley-eight-chassis-numbers-20006-27799-p16043","1542013308-95995800.jpg","1542013308-95995800.jpg","https://www.introcar.com/media/lookbookslider/1542013308-95995800.jpg","already_exists"
"pmp-accumulator-bentley-eight-chassis-numbers-31008-32142-p16051","1542034060-58769000.jpg","1542034060-58769000.jpg","https://www.introcar.com/media/lookbookslider/1542034060-58769000.jpg","already_exists"
"pmp-accumulator-bentley-eight-chassis-numbers-32149-33925-p16059","1542038239-49943900.jpg","1542038239-49943900.jpg","https://www.introcar.com/media/lookbookslider/1542038239-49943900.jpg","downloaded"
"pmp-accumulator-bentley-eight-chassis-numbers-33968-44562-p16069","1542039916-90554900.jpg","1542039916-90554900.jpg","https://www.introcar.com/media/lookbookslider/1542039916-90554900.jpg","already_exists"
"p-pump-accumulator-mulsanne-s-chassis-numbers-33964-44588-p16073","1542039916-90554900.jpg","1542039916-90554900.jpg","https://www.introcar.com/media/lookbookslider/1542039916-90554900.jpg","already_exists"
"pmp-accumulator-silver-spirit-chassis-numbers-20003-27798-p16040","1542013308-95995800.jpg","1542013308-95995800.jpg","https://www.introcar.com/media/lookbookslider/1542013308-95995800.jpg","already_exists"
"prbo-r-chassis-numbers-20001-27793-cars-for-usa-australia-p16296","1545068952-05509700.jpg","1545068952-05509700.jpg","https://www.introcar.com/media/lookbookslider/1545068952-05509700.jpg","downloaded"
"pnne-chassis-numbers-20003-27798-other-than-usa-australia-p16282","1545038156-25524700.jpg","1545038156-25524700.jpg","https://www.introcar.com/media/lookbookslider/1545038156-25524700.jpg","downloaded"
"pfuel-tank-turbo-r-turbo-rl-chassis-numbers-31004-36323-p16303","1545210878-01407400.jpg","1545210878-01407400.jpg","https://www.introcar.com/media/lookbookslider/1545210878-01407400.jpg","downloaded"
"pfuel-tank-brooklands-chassis-numbers-66003-99999-p16324","1545295764-72111800.jpg","1545295764-72111800.jpg","https://www.introcar.com/media/lookbookslider/1545295764-72111800.jpg","downloaded"
"pght-chassis-numbers-20006-27799-other-than-usa-australia-p16284","1545038156-25524700.jpg","1545038156-25524700.jpg","https://www.introcar.com/media/lookbookslider/1545038156-25524700.jpg","already_exists"
"ppur-chassis-numbers-20004-27780-other-than-usa-australia-p16283","1545038156-25524700.jpg","1545038156-25524700.jpg","https://www.introcar.com/media/lookbookslider/1545038156-25524700.jpg","already_exists"
"pfuel-tank-silver-spur-chassis-numbers-44001-60322-p16309","1545294987-09292200.jpg","1545294987-09292200.jpg","https://www.introcar.com/media/lookbookslider/1545294987-09292200.jpg","downloaded"
"pselector-chassis-numbers-06004-09192-left-hand-drive-cars-p8288","1454339332-39196000.jpg","1443537350-60121000.jpg","https://www.introcar.com/media/lookbookslider/1443537350-60121000.jpg","downloaded"
"pgearbox-gaskets-seals-1965-80-p17081","1553857850-13096900.jpg","1553857850-13096900.jpg","https://www.introcar.com/media/lookbookslider/1553857850-13096900.jpg","downloaded"
"pcompartment-switches-chassis-numbers-53001-on-2-door-cars-p9445","1473069745-47203600.jpg","1473069745-47203600.jpg","https://www.introcar.com/media/lookbookslider/1473069745-47203600.jpg","downloaded"
"pulsanne-s-chassis-numbers-20013-24501-electrical-ignition-p9838","1476345386-14818000.jpg","1476345386-14818000.jpg","https://www.introcar.com/media/lookbookslider/1476345386-14818000.jpg","downloaded"
"prooklands-chassis-numbers-46004-55755-electrical-ignition-p9850","1476350830-29815400.jpg","1476350830-29815400.jpg","https://www.introcar.com/media/lookbookslider/1476350830-29815400.jpg","downloaded"
"ps-brooklands-chassis-numbers-57006-on-electrical-ignition-p9861","1476352301-28652100.jpg","1476352301-28652100.jpg","https://www.introcar.com/media/lookbookslider/1476352301-28652100.jpg","downloaded"
"pers-eight-chassis-numbers-12013-16968-electrical-ignition-p9830","1476345355-01868400.jpg","1476345355-01868400.jpg","https://www.introcar.com/media/lookbookslider/1476345355-01868400.jpg","downloaded"
"pers-eight-chassis-numbers-20006-24497-electrical-ignition-p9835","1476345386-14818000.jpg","1476345386-14818000.jpg","https://www.introcar.com/media/lookbookslider/1476345386-14818000.jpg","already_exists"
"pers-eight-chassis-numbers-31008-44562-electrical-ignition-p9847","1476350830-29815400.jpg","1476350830-29815400.jpg","https://www.introcar.com/media/lookbookslider/1476350830-29815400.jpg","already_exists"
"pulsanne-s-chassis-numbers-31006-44588-electrical-ignition-p9844","1476350830-29815400.jpg","1476350830-29815400.jpg","https://www.introcar.com/media/lookbookslider/1476350830-29815400.jpg","already_exists"
"plsanne-sl-chassis-numbers-31006-44588-electrical-ignition-p9846","1476350830-29815400.jpg","1476350830-29815400.jpg","https://www.introcar.com/media/lookbookslider/1476350830-29815400.jpg","already_exists"
"pnne-turbo-chassis-numbers-05214-12004-electrical-ignition-p9825","1476205795-86449600.jpg","1476205795-86449600.jpg","https://www.introcar.com/media/lookbookslider/1476205795-86449600.jpg","downloaded"
"pnne-turbo-chassis-numbers-12005-14162-electrical-ignition-p9832","1476345355-01868400.jpg","1476345355-01868400.jpg","https://www.introcar.com/media/lookbookslider/1476345355-01868400.jpg","already_exists"
"pheadlamp-washers-silver-dawn-electrical-ignition-p9858","1476352301-28652100.jpg","1476352301-28652100.jpg","https://www.introcar.com/media/lookbookslider/1476352301-28652100.jpg","already_exists"
"pilver-spirit-chassis-numbers-57001-on-electrical-ignition-p9856","1476352301-28652100.jpg","1476352301-28652100.jpg","https://www.introcar.com/media/lookbookslider/1476352301-28652100.jpg","already_exists"
"plver-spur-chassis-numbers-05930-10127-electrical-ignition-p9824","1476205795-86449600.jpg","1476205795-86449600.jpg","https://www.introcar.com/media/lookbookslider/1476205795-86449600.jpg","already_exists"
"plver-spur-chassis-numbers-24516-46740-electrical-ignition-p9840","1476349920-06740200.jpg","1476349920-06740200.jpg","https://www.introcar.com/media/lookbookslider/1476349920-06740200.jpg","downloaded"
"p-silver-spur-chassis-numbers-57001-on-electrical-ignition-p9857","1476352301-28652100.jpg","1476352301-28652100.jpg","https://www.introcar.com/media/lookbookslider/1476352301-28652100.jpg","already_exists"
"png-limousine-chassis-numbers-80201-on-electrical-ignition-p9859","1476352301-28652100.jpg","1476352301-28652100.jpg","https://www.introcar.com/media/lookbookslider/1476352301-28652100.jpg","already_exists"
"per-box-thermostat-4-door-cars-chassis-numbers-30000-46783-p9350","1472561145-60760900.jpg","1472561145-60760900.jpg","https://www.introcar.com/media/lookbookslider/1472561145-60760900.jpg","downloaded"
"pthermostat-continental-r-t-azure-chassis-numbers-52001-on-p9355","1472561187-67408300.jpg","1472561187-67408300.jpg","https://www.introcar.com/media/lookbookslider/1472561187-67408300.jpg","downloaded"
"pheatshields-turbo-r-chassis-numbers-24567-27793-p12761","1495808340-93168600.jpg","1495808340-93168600.jpg","https://www.introcar.com/media/lookbookslider/1495808340-93168600.jpg","downloaded"
"pr-spirit-silver-spur-brooklands-chassis-numbers-57001-on-p12786","1495811689-02617800.jpg","1495811689-02617800.jpg","https://www.introcar.com/media/lookbookslider/1495811689-02617800.jpg","downloaded"
"peatshields-touring-limousine-chassis-numbers-80101-80137-p12781","1495811283-00702400.jpg","1495811283-00702400.jpg","https://www.introcar.com/media/lookbookslider/1495811283-00702400.jpg","downloaded"
"pheatshields-turbo-r-chassis-numbers-54002-55759-p12775","1495811283-00702400.jpg","1495811283-00702400.jpg","https://www.introcar.com/media/lookbookslider/1495811283-00702400.jpg","already_exists"
"pheatshields-turbo-rl-chassis-numbers-54017-55043-p12776","1495811283-00702400.jpg","1495811283-00702400.jpg","https://www.introcar.com/media/lookbookslider/1495811283-00702400.jpg","already_exists"
"pbrake-hoses-silver-spur-chassis-numbers-20004-27595-p11700","1487583665-59767200.jpg","1487583665-59767200.jpg","https://www.introcar.com/media/lookbookslider/1487583665-59767200.jpg","downloaded"
"pit-silver-spur-bentley-eight-chassis-numbers-44001-46781-p12977","1497339128-43438500.jpg","1497339128-43438500.jpg","https://www.introcar.com/media/lookbookslider/1497339128-43438500.jpg","downloaded"
"p-right-hand-drive-mulsanne-s-chassis-numbers-44015-44588-p12995","1497339128-43438500.jpg","1497339128-43438500.jpg","https://www.introcar.com/media/lookbookslider/1497339128-43438500.jpg","already_exists"
"prear-hub-silver-dawn-flying-spur-p11370","1519067486-31227600.jpg","1519067486-31227600.jpg","https://www.introcar.com/media/lookbookslider/1519067486-31227600.jpg","downloaded"
"prear-hub-azure-continental-t-continental-sc-p11373","1519067486-31227600.jpg","1519067486-31227600.jpg","https://www.introcar.com/media/lookbookslider/1519067486-31227600.jpg","already_exists"
"prear-hub-touring-limousine-p11372","1519067486-31227600.jpg","1519067486-31227600.jpg","https://www.introcar.com/media/lookbookslider/1519067486-31227600.jpg","already_exists"
"pne-s-sl-eight-brooklands-chassis-numbers-57001-on-engine-p10443","1476780740-50139300.jpg","1476780740-50139300.jpg","https://www.introcar.com/media/lookbookslider/1476780740-50139300.jpg","downloaded"
"ped-regulator-silver-dawn-chassis-numbers-57031-on-engine-p10446","1476780740-50139300.jpg","1476780740-50139300.jpg","https://www.introcar.com/media/lookbookslider/1476780740-50139300.jpg","already_exists"
"pulator-touring-limousine-chassis-numbers-80201-on-engine-p10458","1476780740-50139300.jpg","1476780740-50139300.jpg","https://www.introcar.com/media/lookbookslider/1476780740-50139300.jpg","already_exists"
"pr-chassis-numbers-40194-on-pump-hoses-pipes-fuel-inj-cars-p7937","1452008751-94050900.jpg","1452008751-94050900.jpg","https://www.introcar.com/media/lookbookslider/1452008751-94050900.jpg","downloaded"
"ps-front-corniche-continental-chassis-numbers-05037-50170-p13759","1467793922-85260500.jpg","1467793922-85260500.jpg","https://www.introcar.com/media/lookbookslider/1467793922-85260500.jpg","downloaded"
"pinstruments-chassis-numbers-22583-26705-4-door-cars-p8282","1458119564-22519900.jpg","1458119564-22519900.jpg","https://www.introcar.com/media/lookbookslider/1458119564-22519900.jpg","downloaded"
"pry-exit-switches-azure-continental-sc-electrical-ignition-p9526","1473928084-11416500.jpg","1473928084-11416500.jpg","https://www.introcar.com/media/lookbookslider/1473928084-11416500.jpg","downloaded"
"pinental-r-chassis-numbers-42001-42728-electrical-ignition-p9522","1473927872-08207600.jpg","1473927872-08207600.jpg","https://www.introcar.com/media/lookbookslider/1473927872-08207600.jpg","downloaded"
"prniche-continental-chassis-numbers-05112-16968-usa-japan-p12538","1493711180-60915700.jpg","1493711180-60915700.jpg","https://www.introcar.com/media/lookbookslider/1493711180-60915700.jpg","downloaded"
"poil-filler-breather-turbo-r-chassis-numbers-31004-46783-p12541","1493792852-02687600.jpg","1493792852-02687600.jpg","https://www.introcar.com/media/lookbookslider/1493792852-02687600.jpg","downloaded"
"p-breather-flying-spur-silver-dawn-continental-t-sc-azure-p12553","1493799649-51846600.jpg","1493799649-51846600.jpg","https://www.introcar.com/media/lookbookslider/1493799649-51846600.jpg","downloaded"
"pl-filler-breather-brooklands-chassis-numbers-46004-46778-p12547","1493792852-02687600.jpg","1493792852-02687600.jpg","https://www.introcar.com/media/lookbookslider/1493792852-02687600.jpg","already_exists"
"poil-filler-breather-brooklands-chassis-numbers-54007-on-p12551","1493799649-51846600.jpg","1493799649-51846600.jpg","https://www.introcar.com/media/lookbookslider/1493799649-51846600.jpg","already_exists"
"piller-breather-continental-r-chassis-numbers-42001-42728-p12548","1493792852-02687600.jpg","1493792852-02687600.jpg","https://www.introcar.com/media/lookbookslider/1493792852-02687600.jpg","already_exists"
"pnental-r-chassis-numbers-52001-on-including-2000-2003-my-p12552","1493799649-51846600.jpg","1493799649-51846600.jpg","https://www.introcar.com/media/lookbookslider/1493799649-51846600.jpg","already_exists"
"pil-pump-corniche-continental-chassis-numbers-05037-30638-p17314","1555310865-31024300.jpg","1555310865-31024300.jpg","https://www.introcar.com/media/lookbookslider/1555310865-31024300.jpg","downloaded"
"pe-pedal-corniche-continental-chassis-numbers-05037-29290-p11783","1488823043-50955400.jpg","1488823043-50955400.jpg","https://www.introcar.com/media/lookbookslider/1488823043-50955400.jpg","downloaded"
"pparking-brake-pedal-turbo-r-chassis-numbers-31004-34602-p11788","1488879605-44800100.jpg","1488879605-44800100.jpg","https://www.introcar.com/media/lookbookslider/1488879605-44800100.jpg","downloaded"
"pal-silver-spirit-silver-spur-chassis-numbers-34603-36322-p11790","1488880203-84760900.jpg","1488880203-84760900.jpg","https://www.introcar.com/media/lookbookslider/1488880203-84760900.jpg","downloaded"
"pparking-brake-pedal-turbo-r-chassis-numbers-44006-57334-p11806","1488881348-79073800.jpg","1488881348-79073800.jpg","https://www.introcar.com/media/lookbookslider/1488881348-79073800.jpg","downloaded"
"pparking-brake-pedal-continental-t-sc-p11818","1488964262-06912100.jpg","1488964262-06912100.jpg","https://www.introcar.com/media/lookbookslider/1488964262-06912100.jpg","downloaded"
"pparking-brake-pedal-azure-chassis-numbers-56348-61504-p11816","1488964262-06912100.jpg","1488964262-06912100.jpg","https://www.introcar.com/media/lookbookslider/1488964262-06912100.jpg","already_exists"
"pal-azure-chassis-numbers-61505-on-including-2000-2003-my-p11823","1488966457-41995800.jpg","1488966457-41995800.jpg","https://www.introcar.com/media/lookbookslider/1488966457-41995800.jpg","downloaded"
"prking-brake-pedal-brooklands-chassis-numbers-57325-59574-p11814","1488964262-06912100.jpg","1488964262-06912100.jpg","https://www.introcar.com/media/lookbookslider/1488964262-06912100.jpg","already_exists"
"pparking-brake-pedal-brooklands-chassis-numbers-59575-on-p11824","1488966457-41995800.jpg","1488966457-41995800.jpg","https://www.introcar.com/media/lookbookslider/1488966457-41995800.jpg","already_exists"
"png-brake-pedal-continental-r-chassis-numbers-53071-53398-p11813","1488964262-06912100.jpg","1488964262-06912100.jpg","https://www.introcar.com/media/lookbookslider/1488964262-06912100.jpg","already_exists"
"pnental-r-chassis-numbers-63001-on-including-2000-2003-my-p11822","1488966457-41995800.jpg","1488966457-41995800.jpg","https://www.introcar.com/media/lookbookslider/1488966457-41995800.jpg","already_exists"
"pcorniche-chassis-numbers-68002-on-including-2000-2002-my-p11821","1488966457-41995800.jpg","1488966457-41995800.jpg","https://www.introcar.com/media/lookbookslider/1488966457-41995800.jpg","already_exists"
"png-brake-pedal-bentley-eight-chassis-numbers-08862-27799-p11777","1488823043-50955400.jpg","1488823043-50955400.jpg","https://www.introcar.com/media/lookbookslider/1488823043-50955400.jpg","already_exists"
"png-brake-pedal-bentley-eight-chassis-numbers-36283-44562-p11815","1488964262-06912100.jpg","1488964262-06912100.jpg","https://www.introcar.com/media/lookbookslider/1488964262-06912100.jpg","already_exists"
"prking-brake-pedal-mulsanne-s-chassis-numbers-34628-36291-p11794","1488880203-84760900.jpg","1488880203-84760900.jpg","https://www.introcar.com/media/lookbookslider/1488880203-84760900.jpg","already_exists"
"pking-brake-pedal-mulsanne-sl-chassis-numbers-31223-44582-p11787","1488879605-44800100.jpg","1488879605-44800100.jpg","https://www.introcar.com/media/lookbookslider/1488879605-44800100.jpg","already_exists"
"pparking-brake-pedal-silver-dawn-chassis-numbers-59592-on-p11820","1488966457-41995800.jpg","1488966457-41995800.jpg","https://www.introcar.com/media/lookbookslider/1488966457-41995800.jpg","already_exists"
"prake-pedal-touring-limousine-chassis-numbers-80001-80203-p11809","1488881348-79073800.jpg","1488881348-79073800.jpg","https://www.introcar.com/media/lookbookslider/1488881348-79073800.jpg","already_exists"
"pol-flap-corniche-continental-chassis-numbers-40001-50170-p13810","1481558607-12582300.jpg","1481558607-12582300.jpg","https://www.introcar.com/media/lookbookslider/1481558607-12582300.jpg","downloaded"
"pl-r-t-sc-chassis-numbers-42193-on-including-2000-2003-my-p13859","1481620458-82319800.jpg","1481620458-82319800.jpg","https://www.introcar.com/media/lookbookslider/1481620458-82319800.jpg","downloaded"
"ppetrol-flap-azure-p13860","1481559872-95528600.jpg","1481559872-95528600.jpg","https://www.introcar.com/media/lookbookslider/1481559872-95528600.jpg","downloaded"
"pers-13870-16930-p15259","1527583902-58590800.jpg","1527583902-58590800.jpg","https://www.introcar.com/media/lookbookslider/1527583902-58590800.jpg","downloaded"
"p-p15267","1527609965-37029100.jpg","1527609965-37029100.jpg","https://www.introcar.com/media/lookbookslider/1527609965-37029100.jpg","downloaded"
"p-numbers-23211-27793-cars-for-austria-sweden-switzerland-p15932","1541406953-41921800.jpg","1541406953-41921800.jpg","https://www.introcar.com/media/lookbookslider/1541406953-41921800.jpg","downloaded"
"ppes-air-injection-turbo-r-rl-rt-chassis-numbers-54002-on-p15955","1541411514-12217300.jpg","1541411514-12217300.jpg","https://www.introcar.com/media/lookbookslider/1541411514-12217300.jpg","downloaded"
"pction-silver-spirit-silver-spur-chassis-numbers-54001-on-p15949","1541411514-12217300.jpg","1541411514-12217300.jpg","https://www.introcar.com/media/lookbookslider/1541411514-12217300.jpg","already_exists"
"pbers-55012-on-p15309","1528098724-32012800.jpg","1528098724-32012800.jpg","https://www.introcar.com/media/lookbookslider/1528098724-32012800.jpg","downloaded"
"pjection-flying-spur-silver-dawn-chassis-numbers-55012-on-p15954","1541411514-12217300.jpg","1541411514-12217300.jpg","https://www.introcar.com/media/lookbookslider/1541411514-12217300.jpg","already_exists"
"pchassis-numbers-50801-on-including-2000-2003-my-p15312","1528098724-32012800.jpg","1528098724-32012800.jpg","https://www.introcar.com/media/lookbookslider/1528098724-32012800.jpg","already_exists"
"prbo-boost-pipes-hoses-azure-continental-sc-continental-t-p16432","1549612943-89035100.jpg","1549612943-89035100.jpg","https://www.introcar.com/media/lookbookslider/1549612943-89035100.jpg","downloaded"
"p486-p15294","1527783747-83210900.jpg","1527783747-83210900.jpg","https://www.introcar.com/media/lookbookslider/1527783747-83210900.jpg","downloaded"
"p778-p15300","1527836823-50627900.jpg","1527836823-50627900.jpg","https://www.introcar.com/media/lookbookslider/1527836823-50627900.jpg","downloaded"
"ppes-air-injection-brooklands-chassis-numbers-46004-46778-p15948","1541408808-95051500.jpg","1541408808-95051500.jpg","https://www.introcar.com/media/lookbookslider/1541408808-95051500.jpg","downloaded"
"p593-p15305","1528097680-30277900.jpg","1528097680-30277900.jpg","https://www.introcar.com/media/lookbookslider/1528097680-30277900.jpg","downloaded"
"p-p15310","1528098724-32012800.jpg","1528098724-32012800.jpg","https://www.introcar.com/media/lookbookslider/1528098724-32012800.jpg","already_exists"
"p-42618-p15296","1527783747-83210900.jpg","1527783747-83210900.jpg","https://www.introcar.com/media/lookbookslider/1527783747-83210900.jpg","already_exists"
"p-42728-p15299","1527836823-50627900.jpg","1527836823-50627900.jpg","https://www.introcar.com/media/lookbookslider/1527836823-50627900.jpg","already_exists"
"pst-pipes-hoses-continental-r-chassis-numbers-42501-52000-p16426","1549609414-51086800.jpg","1549609414-51086800.jpg","https://www.introcar.com/media/lookbookslider/1549609414-51086800.jpg","downloaded"
"p-52143-p15304","1528097680-30277900.jpg","1528097680-30277900.jpg","https://www.introcar.com/media/lookbookslider/1528097680-30277900.jpg","already_exists"
"p-on-including-2000-2003-my-p15311","1528098724-32012800.jpg","1528098724-32012800.jpg","https://www.introcar.com/media/lookbookslider/1528098724-32012800.jpg","already_exists"
"pncluding-2000-2002-my-p15324","1528098724-32012800.jpg","1528098724-32012800.jpg","https://www.introcar.com/media/lookbookslider/1528098724-32012800.jpg","already_exists"
"p-16954-p15261","1527583902-58590800.jpg","1527583902-58590800.jpg","https://www.introcar.com/media/lookbookslider/1527583902-58590800.jpg","already_exists"
"p-35895-p15276","1527747050-58073500.jpg","1527747050-58073500.jpg","https://www.introcar.com/media/lookbookslider/1527747050-58073500.jpg","downloaded"
"p-44173-p15285","1527748504-98613300.jpg","1527748504-98613300.jpg","https://www.introcar.com/media/lookbookslider/1527748504-98613300.jpg","downloaded"
"p-44562-p15290","1527783747-83210900.jpg","1527783747-83210900.jpg","https://www.introcar.com/media/lookbookslider/1527783747-83210900.jpg","already_exists"
"p865-p15281","1527747050-58073500.jpg","1527747050-58073500.jpg","https://www.introcar.com/media/lookbookslider/1527747050-58073500.jpg","already_exists"
"p014-p15287","1527748504-98613300.jpg","1527748504-98613300.jpg","https://www.introcar.com/media/lookbookslider/1527748504-98613300.jpg","already_exists"
"p588-p15292","1527783747-83210900.jpg","1527783747-83210900.jpg","https://www.introcar.com/media/lookbookslider/1527783747-83210900.jpg","already_exists"
"p4588-p15282","1527747050-58073500.jpg","1527747050-58073500.jpg","https://www.introcar.com/media/lookbookslider/1527747050-58073500.jpg","already_exists"
"p-35941-p15274","1527747050-58073500.jpg","1527747050-58073500.jpg","https://www.introcar.com/media/lookbookslider/1527747050-58073500.jpg","already_exists"
"p-46740-p15297","1527836823-50627900.jpg","1527836823-50627900.jpg","https://www.introcar.com/media/lookbookslider/1527836823-50627900.jpg","already_exists"
"p-on-p15307","1528098724-32012800.jpg","1528098724-32012800.jpg","https://www.introcar.com/media/lookbookslider/1528098724-32012800.jpg","already_exists"
"p9093-cars-for-japan-p15246","1527576596-67969900.jpg","1527576596-67969900.jpg","https://www.introcar.com/media/lookbookslider/1527576596-67969900.jpg","downloaded"
"p9556-other-than-usa-middle-east-japan-p15244","1527576596-67969900.jpg","1527576596-67969900.jpg","https://www.introcar.com/media/lookbookslider/1527576596-67969900.jpg","already_exists"
"p3825-cars-for-middle-east-p15253","1527580944-98042100.jpg","1527580944-98042100.jpg","https://www.introcar.com/media/lookbookslider/1527580944-98042100.jpg","downloaded"
"p3896-other-than-usa-middle-east-japan-p15249","1527580944-98042100.jpg","1527580944-98042100.jpg","https://www.introcar.com/media/lookbookslider/1527580944-98042100.jpg","already_exists"
"p4503-p15265","1527609965-37029100.jpg","1527609965-37029100.jpg","https://www.introcar.com/media/lookbookslider/1527609965-37029100.jpg","already_exists"
"p4176-p15284","1527748504-98613300.jpg","1527748504-98613300.jpg","https://www.introcar.com/media/lookbookslider/1527748504-98613300.jpg","already_exists"
"p6477-p15289","1527783747-83210900.jpg","1527783747-83210900.jpg","https://www.introcar.com/media/lookbookslider/1527783747-83210900.jpg","already_exists"
"p6781-p15298","1527836823-50627900.jpg","1527836823-50627900.jpg","https://www.introcar.com/media/lookbookslider/1527836823-50627900.jpg","already_exists"
"p-injection-touring-limousine-chassis-numbers-80001-80056-p15940","1541408808-95051500.jpg","1541408808-95051500.jpg","https://www.introcar.com/media/lookbookslider/1541408808-95051500.jpg","already_exists"
"pnecting-rod-bearings-turbo-r-chassis-numbers-31004-55749-p11944","1489508275-85461100.jpg","1489508275-85461100.jpg","https://www.introcar.com/media/lookbookslider/1489508275-85461100.jpg","downloaded"
"pns-liners-connecting-rod-bearings-azure-continental-t-sc-p11961","1489509309-76045100.jpg","1489509309-76045100.jpg","https://www.introcar.com/media/lookbookslider/1489509309-76045100.jpg","downloaded"
"prings-silver-spirit-silver-spur-chassis-numbers-57001-on-p11955","1489509309-76045100.jpg","1489509309-76045100.jpg","https://www.introcar.com/media/lookbookslider/1489509309-76045100.jpg","already_exists"
"pnecting-rod-bearings-brooklands-chassis-numbers-57006-on-p11960","1489509309-76045100.jpg","1489509309-76045100.jpg","https://www.introcar.com/media/lookbookslider/1489509309-76045100.jpg","already_exists"
"pnental-r-chassis-numbers-53001-on-including-2000-2003-my-p11959","1489509309-76045100.jpg","1489509309-76045100.jpg","https://www.introcar.com/media/lookbookslider/1489509309-76045100.jpg","already_exists"
"pcorniche-chassis-numbers-68002-on-including-2000-2002-my-p11957","1489509309-76045100.jpg","1489509309-76045100.jpg","https://www.introcar.com/media/lookbookslider/1489509309-76045100.jpg","already_exists"
"ppistons-liners-connecting-rod-bearings-silver-dawn-p11956","1489509309-76045100.jpg","1489509309-76045100.jpg","https://www.introcar.com/media/lookbookslider/1489509309-76045100.jpg","already_exists"
"p-rod-bearings-touring-limousine-chassis-numbers-80201-on-p11958","1489509309-76045100.jpg","1489509309-76045100.jpg","https://www.introcar.com/media/lookbookslider/1489509309-76045100.jpg","already_exists"
"plve-accumulators-silver-spur-chassis-numbers-01006-16970-p17337","1555310865-31024300.jpg","1555310865-31024300.jpg","https://www.introcar.com/media/lookbookslider/1555310865-31024300.jpg","already_exists"
"ptor-expansion-bottle-turbo-r-chassis-numbers-20001-23935-p13511","1501233074-85375900.jpg","1501233074-85375900.jpg","https://www.introcar.com/media/lookbookslider/1501233074-85375900.jpg","downloaded"
"ptinental-chassis-numbers-40001-40533-electrical-ignition-p10771","1481097300-36479500.jpg","1481097300-36479500.jpg","https://www.introcar.com/media/lookbookslider/1481097300-36479500.jpg","downloaded"
"p-r-azure-chassis-numbers-50801-63345-electrical-ignition-p10777","1481099291-37707300.jpg","1481099291-37707300.jpg","https://www.introcar.com/media/lookbookslider/1481099291-37707300.jpg","downloaded"
"pontrol-units-flying-spur-silver-dawn-electrical-ignition-p10776","1481099291-37707300.jpg","1481099291-37707300.jpg","https://www.introcar.com/media/lookbookslider/1481099291-37707300.jpg","already_exists"
"pooklands-chassis-numbers-46004-46778-electrical-ignition-p10769","1481097300-36479500.jpg","1481097300-36479500.jpg","https://www.introcar.com/media/lookbookslider/1481097300-36479500.jpg","already_exists"
"pooklands-chassis-numbers-54007-60303-electrical-ignition-p10779","1481099291-37707300.jpg","1481099291-37707300.jpg","https://www.introcar.com/media/lookbookslider/1481099291-37707300.jpg","already_exists"
"pontrol-units-continental-sc-mulliner-electrical-ignition-p10783","1481099291-37707300.jpg","1481099291-37707300.jpg","https://www.introcar.com/media/lookbookslider/1481099291-37707300.jpg","already_exists"
"pnental-t-chassis-numbers-53159-67217-electrical-ignition-p10781","1481099291-37707300.jpg","1481099291-37707300.jpg","https://www.introcar.com/media/lookbookslider/1481099291-37707300.jpg","already_exists"
"pey-eight-chassis-numbers-31008-44562-electrical-ignition-p10763","1481097300-36479500.jpg","1481097300-36479500.jpg","https://www.introcar.com/media/lookbookslider/1481097300-36479500.jpg","already_exists"
"psanne-sl-chassis-numbers-31223-44582-electrical-ignition-p10764","1481097300-36479500.jpg","1481097300-36479500.jpg","https://www.introcar.com/media/lookbookslider/1481097300-36479500.jpg","already_exists"
"pver-spur-chassis-numbers-31001-46781-electrical-ignition-p10766","1481097300-36479500.jpg","1481097300-36479500.jpg","https://www.introcar.com/media/lookbookslider/1481097300-36479500.jpg","already_exists"
"pimousine-chassis-numbers-80001-80056-electrical-ignition-p10768","1481097300-36479500.jpg","1481097300-36479500.jpg","https://www.introcar.com/media/lookbookslider/1481097300-36479500.jpg","already_exists"
"pg-limousine-chassis-numbers-80101-on-electrical-ignition-p10778","1481099291-37707300.jpg","1481099291-37707300.jpg","https://www.introcar.com/media/lookbookslider/1481099291-37707300.jpg","already_exists"
"pseat-base-2-p9534","1474039125-86119300.jpg","1474039125-86119300.jpg","https://www.introcar.com/media/lookbookslider/1474039125-86119300.jpg","downloaded"
"pinental-r-chassis-numbers-42001-53514-electrical-ignition-p9515","1473669053-85341800.jpg","1473669053-85341800.jpg","https://www.introcar.com/media/lookbookslider/1473669053-85341800.jpg","downloaded"
"ptinental-chassis-numbers-68002-on-including-2000-2002-my-p11227","1483468978-22279700.jpg","1483468978-22279700.jpg","https://www.introcar.com/media/lookbookslider/1483468978-22279700.jpg","downloaded"
"pals-continental-r-t-sc-azure-chassis-numbers-42001-63545-p13842","1467704372-67840000.jpg","1467704372-67840000.jpg","https://www.introcar.com/media/lookbookslider/1467704372-67840000.jpg","downloaded"
"pcorniche-sill-jacking-point-seals-p5476","1427706626-30230300.jpg","1427706626-30230300.jpg","https://www.introcar.com/media/lookbookslider/1427706626-30230300.jpg","downloaded"
"ppirit-silver-spur-mulsanne-s-chassis-numbers-31001-36322-p13192","1499153404-39860500.jpg","1499153404-39860500.jpg","https://www.introcar.com/media/lookbookslider/1499153404-39860500.jpg","downloaded"
"png-column-cowling-brooklands-chassis-numbers-46004-46778-p13206","1499156513-44126400.jpg","1499156513-44126400.jpg","https://www.introcar.com/media/lookbookslider/1499156513-44126400.jpg","downloaded"
"png-column-cowling-brooklands-chassis-numbers-54007-55755-p13214","1499157636-65480300.jpg","1499157636-65480300.jpg","https://www.introcar.com/media/lookbookslider/1499157636-65480300.jpg","downloaded"
"pering-column-cowling-brooklands-chassis-numbers-57006-on-p13222","1499158253-15610600.jpg","1499158253-15610600.jpg","https://www.introcar.com/media/lookbookslider/1499158253-15610600.jpg","downloaded"
"pcolumn-cowling-bentley-eight-chassis-numbers-08862-27999-p13187","1499151043-83078500.jpg","1499151043-83078500.jpg","https://www.introcar.com/media/lookbookslider/1499151043-83078500.jpg","downloaded"
"pcolumn-cowling-bentley-eight-chassis-numbers-31008-36282-p13194","1499153404-39860500.jpg","1499153404-39860500.jpg","https://www.introcar.com/media/lookbookslider/1499153404-39860500.jpg","already_exists"
"pcolumn-cowling-bentley-eight-chassis-numbers-44022-44562-p13202","1499156513-44126400.jpg","1499156513-44126400.jpg","https://www.introcar.com/media/lookbookslider/1499156513-44126400.jpg","already_exists"
"psteering-column-cowling-silver-dawn-p13219","1499158253-15610600.jpg","1499158253-15610600.jpg","https://www.introcar.com/media/lookbookslider/1499158253-15610600.jpg","already_exists"
"pring-column-cowling-turbo-rl-chassis-numbers-31033-36306-p13199","1499153404-39860500.jpg","1499153404-39860500.jpg","https://www.introcar.com/media/lookbookslider/1499153404-39860500.jpg","already_exists"
"p-right-hand-drive-mulsanne-s-chassis-numbers-20013-24501-p12938","1496914246-99375600.jpg","1496914246-99375600.jpg","https://www.introcar.com/media/lookbookslider/1496914246-99375600.jpg","downloaded"
"psc-azure-chassis-numbers-50801-on-including-2000-2003-my-p13010","1497339128-43438500.jpg","1497339128-43438500.jpg","https://www.introcar.com/media/lookbookslider/1497339128-43438500.jpg","already_exists"
"pes-pipes-cooler-right-hand-drive-flying-spur-silver-dawn-p13001","1497339128-43438500.jpg","1497339128-43438500.jpg","https://www.introcar.com/media/lookbookslider/1497339128-43438500.jpg","already_exists"
"pler-right-hand-drive-brooklands-chassis-numbers-46004-on-p12989","1497339128-43438500.jpg","1497339128-43438500.jpg","https://www.introcar.com/media/lookbookslider/1497339128-43438500.jpg","already_exists"
"pght-hand-drive-continental-r-chassis-numbers-42001-42728-p12985","1497339128-43438500.jpg","1497339128-43438500.jpg","https://www.introcar.com/media/lookbookslider/1497339128-43438500.jpg","already_exists"
"pcorniche-chassis-numbers-68002-on-including-2000-2002-my-p13004","1497339128-43438500.jpg","1497339128-43438500.jpg","https://www.introcar.com/media/lookbookslider/1497339128-43438500.jpg","already_exists"
"pipstick-corniche-continental-chassis-numbers-05037-16968-p12477","1493281942-35238000.jpg","1493281942-35238000.jpg","https://www.introcar.com/media/lookbookslider/1493281942-35238000.jpg","downloaded"
"psump-dipstick-brooklands-chassis-numbers-46004-46314-p12499","1493286249-66115300.jpg","1493286249-66115300.jpg","https://www.introcar.com/media/lookbookslider/1493286249-66115300.jpg","downloaded"
"psump-dipstick-brooklands-chassis-numbers-46315-46778-p12512","1493366058-19337300.jpg","1493366058-19337300.jpg","https://www.introcar.com/media/lookbookslider/1493366058-19337300.jpg","downloaded"
"psump-dipstick-brooklands-lwb-chassis-numbers-46260-46701-p12505","1493286249-66115300.jpg","1493286249-66115300.jpg","https://www.introcar.com/media/lookbookslider/1493286249-66115300.jpg","already_exists"
"psump-dipstick-bentley-eight-chassis-numbers-08862-16954-p12475","1493281942-35238000.jpg","1493281942-35238000.jpg","https://www.introcar.com/media/lookbookslider/1493281942-35238000.jpg","already_exists"
"psump-dipstick-bentley-eight-chassis-numbers-20006-24497-p12481","1493283807-91917600.jpg","1493283807-91917600.jpg","https://www.introcar.com/media/lookbookslider/1493283807-91917600.jpg","downloaded"
"psump-dipstick-bentley-eight-chassis-numbers-24513-27799-p12486","1493284471-67427900.jpg","1493284471-67427900.jpg","https://www.introcar.com/media/lookbookslider/1493284471-67427900.jpg","downloaded"
"psump-dipstick-bentley-eight-chassis-numbers-31008-44562-p12490","1493286249-66115300.jpg","1493286249-66115300.jpg","https://www.introcar.com/media/lookbookslider/1493286249-66115300.jpg","already_exists"
"psump-dipstick-silver-spur-chassis-numbers-01006-16970-p12472","1493281942-35238000.jpg","1493281942-35238000.jpg","https://www.introcar.com/media/lookbookslider/1493281942-35238000.jpg","already_exists"
"pp-dipstick-touring-limousine-chassis-numbers-80026-80100-p12510","1493366058-19337300.jpg","1493366058-19337300.jpg","https://www.introcar.com/media/lookbookslider/1493366058-19337300.jpg","already_exists"
"psump-dipstick-turbo-r-chassis-numbers-46317-46712-p12514","1493366058-19337300.jpg","1493366058-19337300.jpg","https://www.introcar.com/media/lookbookslider/1493366058-19337300.jpg","already_exists"
"psump-dipstick-turbo-rl-chassis-numbers-46324-46783-p12513","1493366058-19337300.jpg","1493366058-19337300.jpg","https://www.introcar.com/media/lookbookslider/1493366058-19337300.jpg","already_exists"
"p010-24637-usa-japan-middle-east-australia-cooling-system-p13299","1499926674-10232400.jpg","1499926674-10232400.jpg","https://www.introcar.com/media/lookbookslider/1499926674-10232400.jpg","downloaded"
"p10-24637-other-than-usa-japan-middle-east-cooling-system-p13296","1499844950-46706400.jpg","1499844950-46706400.jpg","https://www.introcar.com/media/lookbookslider/1499844950-46706400.jpg","downloaded"
"pther-than-usa-japan-australia-middle-east-cooling-system-p13287","1499845782-93730000.jpg","1499845782-93730000.jpg","https://www.introcar.com/media/lookbookslider/1499845782-93730000.jpg","downloaded"
"pbentley-eight-chassis-numbers-31001-46781-cooling-system-p13303","1500303999-26010800.jpg","1500303999-26010800.jpg","https://www.introcar.com/media/lookbookslider/1500303999-26010800.jpg","downloaded"
"pe-continental-chassis-numbers-30001-40533-cooling-system-p13309","1500303999-26010800.jpg","1500303999-26010800.jpg","https://www.introcar.com/media/lookbookslider/1500303999-26010800.jpg","already_exists"
"pat-turbo-r-rl-chassis-numbers-31004-46783-cooling-system-p13316","1500303999-26010800.jpg","1500303999-26010800.jpg","https://www.introcar.com/media/lookbookslider/1500303999-26010800.jpg","already_exists"
"p-flying-spur-silver-dawn-chassis-55012-on-cooling-system-p13323","1500627008-17157800.jpg","1500627008-17157800.jpg","https://www.introcar.com/media/lookbookslider/1500627008-17157800.jpg","downloaded"
"ps-numbers-50801-on-including-2000-2003-my-cooling-system-p13324","1500627008-17157800.jpg","1500627008-17157800.jpg","https://www.introcar.com/media/lookbookslider/1500627008-17157800.jpg","already_exists"
"pat-brooklands-chassis-numbers-46004-46778-cooling-system-p13315","1500303999-26010800.jpg","1500303999-26010800.jpg","https://www.introcar.com/media/lookbookslider/1500303999-26010800.jpg","already_exists"
"postat-brooklands-chassis-numbers-54007-on-cooling-system-p13319","1500627008-17157800.jpg","1500627008-17157800.jpg","https://www.introcar.com/media/lookbookslider/1500627008-17157800.jpg","already_exists"
"pcontinental-r-chassis-numbers-42001-42728-cooling-system-p13313","1500303999-26010800.jpg","1500303999-26010800.jpg","https://www.introcar.com/media/lookbookslider/1500303999-26010800.jpg","already_exists"
"ps-numbers-52001-on-including-2000-2003-my-cooling-system-p13318","1500627008-17157800.jpg","1500627008-17157800.jpg","https://www.introcar.com/media/lookbookslider/1500627008-17157800.jpg","already_exists"
"phermostat-continental-sc-chassis-65000-on-cooling-system-p13327","1500627008-17157800.jpg","1500627008-17157800.jpg","https://www.introcar.com/media/lookbookslider/1500627008-17157800.jpg","already_exists"
"pcontinental-t-chassis-numbers-53159-66999-cooling-system-p13328","1500627008-17157800.jpg","1500627008-17157800.jpg","https://www.introcar.com/media/lookbookslider/1500627008-17157800.jpg","already_exists"
"psmitters-chassis-numbers-35430-41601-cars-fitted-with-egr-p7413","1426160152-59016400.jpg","1426160152-59016400.jpg","https://www.introcar.com/media/lookbookslider/1426160152-59016400.jpg","downloaded"
"p-housing-transmitters-fuel-injected-cars-to-chassis-50749-p7416","1426160976-25813300.jpg","1426160976-25813300.jpg","https://www.introcar.com/media/lookbookslider/1426160976-25813300.jpg","downloaded"
"pers-chassis-numbers-30000-42000-corniche-solex-carburetor-p7414","1426160446-65819400.jpg","1426160446-65819400.jpg","https://www.introcar.com/media/lookbookslider/1426160446-65819400.jpg","downloaded"
"pmulsanne-eight-chassis-numbers-01001-16970-su-carburetor-p16767","1543398343-62608900.jpg","1543398343-62608900.jpg","https://www.introcar.com/media/lookbookslider/1543398343-62608900.jpg","downloaded"
"pbers-20014-27799-usa-japan-australia-switzerland-austria-p16773","1550698936-55507500.jpg","1550698936-55507500.jpg","https://www.introcar.com/media/lookbookslider/1550698936-55507500.jpg","downloaded"
"ple-body-corniche-continental-chassis-numbers-30001-30638-p16783","1550700680-07020900.jpg","1550700680-07020900.jpg","https://www.introcar.com/media/lookbookslider/1550700680-07020900.jpg","downloaded"
"pthrottle-body-mulsanne-sl-chassis-numbers-31223-44582-p16784","1550700680-07020900.jpg","1550700680-07020900.jpg","https://www.introcar.com/media/lookbookslider/1550700680-07020900.jpg","already_exists"
"pottle-body-touring-limousine-chassis-numbers-80001-80056-p16789","1550701409-98494300.jpg","1550701409-98494300.jpg","https://www.introcar.com/media/lookbookslider/1550701409-98494300.jpg","downloaded"
"pottle-body-touring-limousine-chassis-numbers-80113-80137-p16800","1550827009-33471400.jpg","1550827009-33471400.jpg","https://www.introcar.com/media/lookbookslider/1550827009-33471400.jpg","downloaded"
"pkage-turbo-r-chassis-numbers-20001-23935-left-hand-drive-p16871","1551364156-22864700.jpg","1551364156-22864700.jpg","https://www.introcar.com/media/lookbookslider/1551364156-22864700.jpg","downloaded"
"p-rl-turbo-rt-chassis-numbers-31004-99999-left-hand-drive-p16887","1551378198-76454600.jpg","1551378198-76454600.jpg","https://www.introcar.com/media/lookbookslider/1551378198-76454600.jpg","downloaded"
"psilver-dawn-chassis-numbers-54001-99999-right-hand-drive-p16839","1551000158-49948900.jpg","1551000158-49948900.jpg","https://www.introcar.com/media/lookbookslider/1551000158-49948900.jpg","downloaded"
"pbers-50001-99999-including-2000-2002-my-right-hand-drive-p16840","1551000158-49948900.jpg","1551000158-49948900.jpg","https://www.introcar.com/media/lookbookslider/1551000158-49948900.jpg","already_exists"
"pbers-50801-99999-including-2000-2003-my-right-hand-drive-p16847","1551000158-49948900.jpg","1551000158-49948900.jpg","https://www.introcar.com/media/lookbookslider/1551000158-49948900.jpg","already_exists"
"p-brooklands-chassis-numbers-54007-99999-right-hand-drive-p16846","1551000158-49948900.jpg","1551000158-49948900.jpg","https://www.introcar.com/media/lookbookslider/1551000158-49948900.jpg","already_exists"
"pbers-52001-99999-including-2000-2003-my-right-hand-drive-p16842","1551000158-49948900.jpg","1551000158-49948900.jpg","https://www.introcar.com/media/lookbookslider/1551000158-49948900.jpg","already_exists"
"pntinental-t-chassis-numbers-53159-53414-right-hand-drive-p16849","1551000158-49948900.jpg","1551000158-49948900.jpg","https://www.introcar.com/media/lookbookslider/1551000158-49948900.jpg","already_exists"
"plver-spirit-chassis-numbers-54003-99999-right-hand-drive-p16838","1551000158-49948900.jpg","1551000158-49948900.jpg","https://www.introcar.com/media/lookbookslider/1551000158-49948900.jpg","already_exists"
"p-silver-spur-chassis-numbers-20004-24503-left-hand-drive-p16868","1551364156-22864700.jpg","1551364156-22864700.jpg","https://www.introcar.com/media/lookbookslider/1551364156-22864700.jpg","already_exists"
"psilver-spur-chassis-numbers-31002-46781-right-hand-drive-p16830","1551112461-90977500.jpg","1551112461-90977500.jpg","https://www.introcar.com/media/lookbookslider/1551112461-90977500.jpg","downloaded"
"pg-limousine-chassis-numbers-80101-99999-right-hand-drive-p16841","1551000158-49948900.jpg","1551000158-49948900.jpg","https://www.introcar.com/media/lookbookslider/1551000158-49948900.jpg","already_exists"
"ptools-turbo-r-rl-chassis-numbers-31004-44585-p15352","1528711495-37745000.jpg","1528711495-37745000.jpg","https://www.introcar.com/media/lookbookslider/1528711495-37745000.jpg","downloaded"
"ptools-azure-chassis-numbers-50801-61182-p15367","1528872697-07426800.jpg","1528872697-07426800.jpg","https://www.introcar.com/media/lookbookslider/1528872697-07426800.jpg","downloaded"
"ptools-azure-chassis-numbers-61537-61856-p15380","1528876465-03536800.jpg","1528876465-03536800.jpg","https://www.introcar.com/media/lookbookslider/1528876465-03536800.jpg","downloaded"
"ptools-brooklands-chassis-numbers-46004-46778-p15361","1528830764-03403400.jpg","1528830764-03403400.jpg","https://www.introcar.com/media/lookbookslider/1528830764-03403400.jpg","downloaded"
"ptools-brooklands-chassis-numbers-54007-60307-p15365","1528872697-07426800.jpg","1528872697-07426800.jpg","https://www.introcar.com/media/lookbookslider/1528872697-07426800.jpg","already_exists"
"ptools-brooklands-chassis-numbers-66100-66400-p15379","1528876465-03536800.jpg","1528876465-03536800.jpg","https://www.introcar.com/media/lookbookslider/1528876465-03536800.jpg","already_exists"
"ptools-continental-r-chassis-numbers-42001-42728-p15358","1528830764-03403400.jpg","1528830764-03403400.jpg","https://www.introcar.com/media/lookbookslider/1528830764-03403400.jpg","already_exists"
"ptools-continental-r-chassis-numbers-52001-53192-p15364","1528872697-07426800.jpg","1528872697-07426800.jpg","https://www.introcar.com/media/lookbookslider/1528872697-07426800.jpg","already_exists"
"pnental-r-chassis-numbers-63305-on-including-2000-2003-my-p15388","1528878153-32832000.jpg","1528878153-32832000.jpg","https://www.introcar.com/media/lookbookslider/1528878153-32832000.jpg","downloaded"
"ptools-continental-t-chassis-numbers-53159-53499-p15369","1528872697-07426800.jpg","1528872697-07426800.jpg","https://www.introcar.com/media/lookbookslider/1528872697-07426800.jpg","already_exists"
"ptools-bentley-eight-chassis-numbers-08862-12012-p15340","1528705090-67429800.jpg","1528705090-67429800.jpg","https://www.introcar.com/media/lookbookslider/1528705090-67429800.jpg","downloaded"
"ptools-bentley-eight-chassis-numbers-12013-27799-p15344","1528706691-46207300.jpg","1528706691-46207300.jpg","https://www.introcar.com/media/lookbookslider/1528706691-46207300.jpg","downloaded"
"ptools-bentley-eight-chassis-numbers-31008-44562-p15351","1528711495-37745000.jpg","1528711495-37745000.jpg","https://www.introcar.com/media/lookbookslider/1528711495-37745000.jpg","already_exists"
"ptools-silver-spirit-chassis-numbers-54003-59367-p15362","1528872697-07426800.jpg","1528872697-07426800.jpg","https://www.introcar.com/media/lookbookslider/1528872697-07426800.jpg","already_exists"
"ptools-silver-spur-chassis-numbers-31002-44573-p15350","1528711495-37745000.jpg","1528711495-37745000.jpg","https://www.introcar.com/media/lookbookslider/1528711495-37745000.jpg","already_exists"
"ptools-silver-spur-chassis-numbers-54001-on-p15363","1528872697-07426800.jpg","1528872697-07426800.jpg","https://www.introcar.com/media/lookbookslider/1528872697-07426800.jpg","already_exists"
"pimousine-chassis-numbers-44001-46783-electrical-ignition-p10801","1481187152-53237700.jpg","1481187152-53237700.jpg","https://www.introcar.com/media/lookbookslider/1481187152-53237700.jpg","downloaded"
"pimousine-chassis-numbers-54001-55760-electrical-ignition-p10805","1481188352-21417600.jpg","1481188352-21417600.jpg","https://www.introcar.com/media/lookbookslider/1481188352-21417600.jpg","downloaded"
"ple-azure-chassis-numbers-50801-50810-electrical-ignition-p10809","1481188352-21417600.jpg","1481188352-21417600.jpg","https://www.introcar.com/media/lookbookslider/1481188352-21417600.jpg","already_exists"
"pnental-r-chassis-numbers-53301-63140-electrical-ignition-p10817","1481190276-92271300.jpg","1481190276-92271300.jpg","https://www.introcar.com/media/lookbookslider/1481190276-92271300.jpg","downloaded"
"pcontrol-module-continental-sc-type-1-electrical-ignition-p10820","1481190276-92271300.jpg","1481190276-92271300.jpg","https://www.introcar.com/media/lookbookslider/1481190276-92271300.jpg","already_exists"
"pnental-t-chassis-numbers-01550-01554-electrical-ignition-p10828","1481193639-89114400.jpg","1481193639-89114400.jpg","https://www.introcar.com/media/lookbookslider/1481193639-89114400.jpg","downloaded"
"pg-limousine-chassis-numbers-80201-on-electrical-ignition-p10812","1481189500-26187800.jpg","1481189500-26187800.jpg","https://www.introcar.com/media/lookbookslider/1481189500-26187800.jpg","downloaded"
"pch-trim-corniche-continental-chassis-numbers-09028-50170-p13802","1506503009-99976200.jpg","1506503009-99976200.jpg","https://www.introcar.com/media/lookbookslider/1506503009-99976200.jpg","downloaded"
"ptrunk-boot-lid-seals-continental-r-t-sc-azure-p13851","1506932708-36631500.jpg","1506932708-36631500.jpg","https://www.introcar.com/media/lookbookslider/1506932708-36631500.jpg","downloaded"
"pront-wing-fender-silver-spur-chassis-numbers-20004-24515-p14804","1519130559-96337400.jpg","1519130559-96337400.jpg","https://www.introcar.com/media/lookbookslider/1519130559-96337400.jpg","downloaded"
"pront-wing-fender-silver-spur-chassis-numbers-31001-31010-p14813","1519287537-71094500.jpg","1519287537-71094500.jpg","https://www.introcar.com/media/lookbookslider/1519287537-71094500.jpg","downloaded"
"pront-wing-fender-silver-spur-chassis-numbers-46001-46781-p14819","1519290699-63232400.jpg","1519290699-63232400.jpg","https://www.introcar.com/media/lookbookslider/1519290699-63232400.jpg","downloaded"
"ping-fender-touring-limousine-chassis-numbers-80001-80056-p14821","1519290699-63232400.jpg","1519290699-63232400.jpg","https://www.introcar.com/media/lookbookslider/1519290699-63232400.jpg","already_exists"
"pt-wing-fender-touring-limousine-chassis-numbers-80201-on-p14828","1519293743-01964700.jpg","1519293743-01964700.jpg","https://www.introcar.com/media/lookbookslider/1519293743-01964700.jpg","downloaded"
"pdulator-corniche-continental-chassis-numbers-05037-16968-p17152","1554468206-95143700.jpg","1554468206-95143700.jpg","https://www.introcar.com/media/lookbookslider/1554468206-95143700.jpg","downloaded"
"ppirit-silver-spur-mulsanne-s-chassis-numbers-20003-36322-p17155","1554543471-86044700.jpg","1554543471-86044700.jpg","https://www.introcar.com/media/lookbookslider/1554543471-86044700.jpg","downloaded"
"pcuum-modulator-bentley-eight-chassis-numbers-08862-16954-p17154","1554468206-95143700.jpg","1554468206-95143700.jpg","https://www.introcar.com/media/lookbookslider/1554468206-95143700.jpg","already_exists"
"pcuum-modulator-bentley-eight-chassis-numbers-20006-36282-p17156","1554543471-86044700.jpg","1554543471-86044700.jpg","https://www.introcar.com/media/lookbookslider/1554543471-86044700.jpg","already_exists"
"pvacuum-modulator-mulsanne-sl-chassis-numbers-31223-44582-p17158","1554543471-86044700.jpg","1554543471-86044700.jpg","https://www.introcar.com/media/lookbookslider/1554543471-86044700.jpg","already_exists"
"prooklands-chassis-numbers-46437-55319-electrical-ignition-p8695","1463476534-47795400.jpg","1463476534-47795400.jpg","https://www.introcar.com/media/lookbookslider/1463476534-47795400.jpg","downloaded"
"pr-brooklands-chassis-numbers-55326-on-electrical-ignition-p8701","1463485047-48226000.jpg","1463485047-48226000.jpg","https://www.introcar.com/media/lookbookslider/1463485047-48226000.jpg","downloaded"
"pndow-switches-relay-terminals-chassis-numbers-01001-08861-p5799","1454360211-39553800.jpg","1454360211-39553800.jpg","https://www.introcar.com/media/lookbookslider/1454360211-39553800.jpg","downloaded"
"p-chrome-corniche-continental-chassis-numbers-05037-29290-p13621","1502869102-49606600.jpg","1502869102-49606600.jpg","https://www.introcar.com/media/lookbookslider/1502869102-49606600.jpg","downloaded"
"p-chrome-corniche-continental-chassis-numbers-30001-40090-p13623","1502871814-30042500.jpg","1502871814-30042500.jpg","https://www.introcar.com/media/lookbookslider/1502871814-30042500.jpg","downloaded"
"pwindscreen-chrome-continental-r-t-sc-azure-p13632","1502952819-94279000.jpg","1502952819-94279000.jpg","https://www.introcar.com/media/lookbookslider/1502952819-94279000.jpg","downloaded"
"p-chrome-corniche-continental-chassis-numbers-40501-50170-p13626","1502872731-82005500.jpg","1502872731-82005500.jpg","https://www.introcar.com/media/lookbookslider/1502872731-82005500.jpg","downloaded"
"prear-screen-chrome-4-door-cars-standard-screen-p13636","1502955527-28425800.jpg","1502955527-28425800.jpg","https://www.introcar.com/media/lookbookslider/1502955527-28425800.jpg","downloaded"
"ptinental-chassis-numbers-68002-on-including-2000-2002-my-p13629","1502952819-94279000.jpg","1502952819-94279000.jpg","https://www.introcar.com/media/lookbookslider/1502952819-94279000.jpg","already_exists"
"phrome-4-door-cars-other-than-touring-limousine-1980-1998-p13614","1502866452-23088000.jpg","1502866452-23088000.jpg","https://www.introcar.com/media/lookbookslider/1502866452-23088000.jpg","downloaded"
"pen-seals-corniche-continental-chassis-numbers-05037-29290-p4099","1502869102-49606600.jpg","1502869102-49606600.jpg","https://www.introcar.com/media/lookbookslider/1502869102-49606600.jpg","already_exists"
"pn-seals-corniche-continental-chassis-numbers-30001-40090-p13624","1502871814-30042500.jpg","1502871814-30042500.jpg","https://www.introcar.com/media/lookbookslider/1502871814-30042500.jpg","already_exists"
"pwindscreen-seals-continental-r-t-sc-azure-p13634","1502952819-94279000.jpg","1502952819-94279000.jpg","https://www.introcar.com/media/lookbookslider/1502952819-94279000.jpg","already_exists"
"pn-seals-corniche-continental-chassis-numbers-40501-50170-p13627","1502872731-82005500.jpg","1502872731-82005500.jpg","https://www.introcar.com/media/lookbookslider/1502872731-82005500.jpg","already_exists"
"pseals-4-door-cars-other-than-touring-limousine-1980-1998-p13612","1502866452-23088000.jpg","1502866452-23088000.jpg","https://www.introcar.com/media/lookbookslider/1502866452-23088000.jpg","already_exists"
"ptinental-chassis-numbers-68002-on-including-2000-2002-my-p13630","1502952819-94279000.jpg","1502952819-94279000.jpg","https://www.introcar.com/media/lookbookslider/1502952819-94279000.jpg","already_exists"
"peals-small-screen-silver-spur-turbo-rt-turbo-rt-mulliner-p13654","1502958917-30673800.jpg","1502958917-30673800.jpg","https://www.introcar.com/media/lookbookslider/1502958917-30673800.jpg","downloaded"
"pwindscreen-washers-flying-spur-electrical-ignition-p9798","1476091295-44525600.jpg","1476091295-44525600.jpg","https://www.introcar.com/media/lookbookslider/1476091295-44525600.jpg","downloaded"
"pnne-turbo-chassis-numbers-12001-16970-electrical-ignition-p8599","1462861853-37125700.jpg","1462861853-37125700.jpg","https://www.introcar.com/media/lookbookslider/1462861853-37125700.jpg","downloaded"
"p-mulsanne-chassis-numbers-20001-21133-electrical-ignition-p8600","1462861964-55006100.jpg","1462861964-55006100.jpg","https://www.introcar.com/media/lookbookslider/1462861964-55006100.jpg","downloaded"
"ps-turbo-r-chassis-numbers-24519-33796-electrical-ignition-p8621","1524489053-52307200.jpg","1524489053-52307200.jpg","https://www.introcar.com/media/lookbookslider/1524489053-52307200.jpg","downloaded"
"p-silver-spur-chassis-numbers-55169-on-electrical-ignition-p8648","1462954348-86823900.jpg","1462954348-86823900.jpg","https://www.introcar.com/media/lookbookslider/1462954348-86823900.jpg","downloaded"
"ps-brooklands-chassis-numbers-55171-on-electrical-ignition-p8652","1462954348-86823900.jpg","1462954348-86823900.jpg","https://www.introcar.com/media/lookbookslider/1462954348-86823900.jpg","already_exists"
"pley-eight-chassis-numbers-12013-16954-electrical-ignition-p8614","1462861853-37125700.jpg","1462861853-37125700.jpg","https://www.introcar.com/media/lookbookslider/1462861853-37125700.jpg","already_exists"
"pley-eight-chassis-numbers-20006-21104-electrical-ignition-p8630","1462861964-55006100.jpg","1462861964-55006100.jpg","https://www.introcar.com/media/lookbookslider/1462861964-55006100.jpg","already_exists"
"p-silver-dawn-chassis-numbers-55173-on-electrical-ignition-p8657","1462954348-86823900.jpg","1462954348-86823900.jpg","https://www.introcar.com/media/lookbookslider/1462954348-86823900.jpg","already_exists"
"png-limousine-chassis-numbers-80135-on-electrical-ignition-p8654","1462954348-86823900.jpg","1462954348-86823900.jpg","https://www.introcar.com/media/lookbookslider/1462954348-86823900.jpg","already_exists"
"pwindscreen-touring-limousine-p13616","1502867278-89120900.jpg","1502867278-89120900.jpg","https://www.introcar.com/media/lookbookslider/1502867278-89120900.jpg","downloaded"