SKU,Parent SKU,File
079121010B-X,079121010B,/Users/annikaimpallomeni/Desktop/ProcessedVideos/079121010B_processed.mp4
07C115562E-X,07C115562E,/Users/annikaimpallomeni/Desktop/ProcessedVideos/07C115562E_processed.mp4
07V131354-X,07V131354,/Users/annikaimpallomeni/Desktop/ProcessedVideos/07V131354_processed.mp4
07V906461-X,07V906461,/Users/annikaimpallomeni/Desktop/ProcessedVideos/07V906461_processed.mp4
0BL398048-X,0BL398048,/Users/annikaimpallomeni/Desktop/ProcessedVideos/0BL398048_processed.mp4
3W0129620B-X,3W0129620B,/Users/annikaimpallomeni/Desktop/ProcessedVideos/3W0129620B_processed.mp4
3W0129620C-X,3W0129620C,/Users/annikaimpallomeni/Desktop/ProcessedVideos/3W0129620C_processed.mp4
3W0407505-X,3W0407505,/Users/annikaimpallomeni/Desktop/ProcessedVideos/3W0407505_processed.mp4
3W0407506-X,3W0407506,/Users/annikaimpallomeni/Desktop/ProcessedVideos/3W0407506_processed.mp4
3W0407509-X,3W0407509,/Users/annikaimpallomeni/Desktop/ProcessedVideos/3W0407509_processed.mp4
3W0407510-X,3W0407510,/Users/annikaimpallomeni/Desktop/ProcessedVideos/3W0407510_processed.mp4
3W0407515-X,3W0407515,/Users/annikaimpallomeni/Desktop/ProcessedVideos/3W0407515_processed.mp4
3W0407694-X,3W0407694,/Users/annikaimpallomeni/Desktop/ProcessedVideos/3W0407694_processed.mp4
3W0498203A-X,3W0498203A,/Users/annikaimpallomeni/Desktop/ProcessedVideos/3W0498203A_processed.mp4
3W0616001C-X,3W0616001C,/Users/annikaimpallomeni/Desktop/ProcessedVideos/3W0616001C_processed.mp4
3W0616002C-X,3W0616002C,/Users/annikaimpallomeni/Desktop/ProcessedVideos/3W0616002C_processed.mp4
3W0823475B-X,3W0823475B,/Users/annikaimpallomeni/Desktop/ProcessedVideos/3W0823475B_processed.mp4
3W1955425D-X,3W1955425D,/Users/annikaimpallomeni/Desktop/ProcessedVideos/3W1955425D_processed.mp4
3Z0201050-X,3Z0201050,/Users/annikaimpallomeni/Desktop/ProcessedVideos/3Z0201050_processed.mp4
3Z0698151-X,3Z0698151,/Users/annikaimpallomeni/Desktop/ProcessedVideos/3Z0698151_processed.mp4
3Z0698151B-X,3Z0698151B,/Users/annikaimpallomeni/Desktop/ProcessedVideos/3Z0698151B_processed.mp4
3Z0698151E-X,3Z0698151E,/Users/annikaimpallomeni/Desktop/ProcessedVideos/3Z0698151E_processed.mp4
3Z0963535-X,3Z0963535,/Users/annikaimpallomeni/Desktop/ProcessedVideos/3Z0963535_processed.mp4
3Z0998001-X,3Z0998001,/Users/annikaimpallomeni/Desktop/ProcessedVideos/3Z0998001_processed.mp4
4E0615601L-X,4E0615601L,/Users/annikaimpallomeni/Desktop/ProcessedVideos/4E0615601L_processed.mp4
7542021-X,7542021,/Users/annikaimpallomeni/Desktop/ProcessedVideos/7542021_processed.mp4
CD2026-X,CD2026,/Users/annikaimpallomeni/Desktop/ProcessedVideos/CD2026_processed.mp4
CD2026NF-X,CD2026,/Users/annikaimpallomeni/Desktop/ProcessedVideos/CD2026_processed.mp4
CD2027-X,CD2027,/Users/annikaimpallomeni/Desktop/ProcessedVideos/CD2027_processed.mp4
CD237-X,CD237,/Users/annikaimpallomeni/Desktop/ProcessedVideos/CD237_processed.mp4
CD270-X,CD270,/Users/annikaimpallomeni/Desktop/ProcessedVideos/CD270_processed.mp4
CD3044-X,CD3044,/Users/annikaimpallomeni/Desktop/ProcessedVideos/CD3044_processed.mp4
CD3046-X,CD3046,/Users/annikaimpallomeni/Desktop/ProcessedVideos/CD3046_processed.mp4
CD3514-X,CD3514,/Users/annikaimpallomeni/Desktop/ProcessedVideos/CD3514_processed.mp4
CD4299-X,CD4299,/Users/annikaimpallomeni/Desktop/ProcessedVideos/CD4299_processed.mp4
CD4989-X,CD4989,/Users/annikaimpallomeni/Desktop/ProcessedVideos/CD4989_processed.mp4
CD5844-X,CD5844,/Users/annikaimpallomeni/Desktop/ProcessedVideos/CD5844_processed.mp4
CD5999GMFKT-X,CD5999GMFKT,/Users/annikaimpallomeni/Desktop/ProcessedVideos/CD5999GMFKT_processed.mp4
CD6000GMF-X,CD6000GMF,/Users/annikaimpallomeni/Desktop/ProcessedVideos/CD6000GMF_processed.mp4
CD6077UPR-X,CD6077,/Users/annikaimpallomeni/Desktop/ProcessedVideos/CD6077_processed.mp4
CD6137-X,CD6137,/Users/annikaimpallomeni/Desktop/ProcessedVideos/CD6137_processed.mp4
CD6210-X,CD6210,/Users/annikaimpallomeni/Desktop/ProcessedVideos/CD6210_processed.mp4
CD6241-X,CD6241,/Users/annikaimpallomeni/Desktop/ProcessedVideos/CD6241_processed.mp4
CD6242-X,CD6242,/Users/annikaimpallomeni/Desktop/ProcessedVideos/CD6242_processed.mp4
CD6243-X,CD6243,/Users/annikaimpallomeni/Desktop/ProcessedVideos/CD6243_processed.mp4
CD6244-X,CD6244,/Users/annikaimpallomeni/Desktop/ProcessedVideos/CD6244_processed.mp4
CD6248-X,CD6248,/Users/annikaimpallomeni/Desktop/ProcessedVideos/CD6248_processed.mp4
CD6249-X,CD6249,/Users/annikaimpallomeni/Desktop/ProcessedVideos/CD6249_processed.mp4
CD6353-X,CD6353,/Users/annikaimpallomeni/Desktop/ProcessedVideos/CD6353_processed.mp4
CD6381-X,CD6381,/Users/annikaimpallomeni/Desktop/ProcessedVideos/CD6381_processed.mp4
CD6586-X,CD6586,/Users/annikaimpallomeni/Desktop/ProcessedVideos/CD6586_processed.mp4
CD6589-X,CD6589,/Users/annikaimpallomeni/Desktop/ProcessedVideos/CD6589_processed.mp4
CD6891-X,CD6891,/Users/annikaimpallomeni/Desktop/ProcessedVideos/CD6891_processed.mp4
CD876PT-X,CD876PT,/Users/annikaimpallomeni/Desktop/ProcessedVideos/CD876PT_processed.mp4
EB1886NF-X,EB1886NF,/Users/annikaimpallomeni/Desktop/ProcessedVideos/EB1886NF_processed.mp4
EB2701-X,EB2701,/Users/annikaimpallomeni/Desktop/ProcessedVideos/EB2701_processed.mp4
EB3998-X,EB3998,/Users/annikaimpallomeni/Desktop/ProcessedVideos/EB3998_processed.mp4
EB4039-X,EB4039,/Users/annikaimpallomeni/Desktop/ProcessedVideos/EB4039_processed.mp4
EB4204-X,EB4204,/Users/annikaimpallomeni/Desktop/ProcessedVideos/EB4204_processed.mp4
FB4123-X,FB4123,/Users/annikaimpallomeni/Desktop/ProcessedVideos/FB4123_processed.mp4
FW1502-X,FW1502,/Users/annikaimpallomeni/Desktop/ProcessedVideos/FW1502_processed.mp4
FW1903-X,FW1903,/Users/annikaimpallomeni/Desktop/ProcessedVideos/FW1903_processed.mp4
FW1970-X,FW1970,/Users/annikaimpallomeni/Desktop/ProcessedVideos/FW1970_processed.mp4
FW403-X,FW403,/Users/annikaimpallomeni/Desktop/ProcessedVideos/FW403_processed.mp4
GM8684221-X,GM8684221,/Users/annikaimpallomeni/Desktop/ProcessedVideos/GM8684221_processed.mp4
GMF1039-X,GMF1039,/Users/annikaimpallomeni/Desktop/ProcessedVideos/GMF1039_processed.mp4
GMF1082-X,GMF1082,/Users/annikaimpallomeni/Desktop/ProcessedVideos/GMF1082_processed.mp4
GMF1093-X,GMF1093,/Users/annikaimpallomeni/Desktop/ProcessedVideos/GMF1093_processed.mp4
GMF1094-X,GMF1094,/Users/annikaimpallomeni/Desktop/ProcessedVideos/GMF1094_processed.mp4
GMF1199-X,GMF1199,/Users/annikaimpallomeni/Desktop/ProcessedVideos/GMF1199_processed.mp4
GMF1217-X,GMF1217,/Users/annikaimpallomeni/Desktop/ProcessedVideos/GMF1217_processed.mp4
GMF1242-X,GMF1242,/Users/annikaimpallomeni/Desktop/ProcessedVideos/GMF1242_processed.mp4
GMF1323-X,GMF1323,/Users/annikaimpallomeni/Desktop/ProcessedVideos/GMF1323_processed.mp4
GMF1324-X,GMF1324,/Users/annikaimpallomeni/Desktop/ProcessedVideos/GMF1324_processed.mp4
GW1594KIT-X,GW1594KIT,/Users/annikaimpallomeni/Desktop/ProcessedVideos/GW1594KIT_processed.mp4
GW399-X,GW399,/Users/annikaimpallomeni/Desktop/ProcessedVideos/GW399_processed.mp4
GW399+020-X,GW399,/Users/annikaimpallomeni/Desktop/ProcessedVideos/GW399_processed.mp4
HOODSTRAP1-X,HOODSTRAP1,/Users/annikaimpallomeni/Desktop/ProcessedVideos/HOODSTRAP1_processed.mp4
JNV615584-X,JNV615584,/Users/annikaimpallomeni/Desktop/ProcessedVideos/JNV615584_processed.mp4
LU-281-X,LU-281,/Users/annikaimpallomeni/Desktop/ProcessedVideos/LU-281_processed.mp4
MC1315-X,MC1315,/Users/annikaimpallomeni/Desktop/ProcessedVideos/MC1315_processed.mp4
PB55612PB-X,PB55612PB,/Users/annikaimpallomeni/Desktop/ProcessedVideos/PB55612PB_processed.mp4
PC113547PA-X,PC113547PA,/Users/annikaimpallomeni/Desktop/ProcessedVideos/PC113547PA_processed.mp4
PC115037PA-X,PC115037PA,/Users/annikaimpallomeni/Desktop/ProcessedVideos/PC115037PA_processed.mp4
PC23107PC-X,PC23107PC,/Users/annikaimpallomeni/Desktop/ProcessedVideos/PC23107PC_processed.mp4
PD109735PA-X,PD109735PA,/Users/annikaimpallomeni/Desktop/ProcessedVideos/PD109735PA_processed.mp4
PD24464PB-X,PD24464PB,/Users/annikaimpallomeni/Desktop/ProcessedVideos/PD24464PB_processed.mp4
PD29195PB-X,PD29195PB,/Users/annikaimpallomeni/Desktop/ProcessedVideos/PD29195PB_processed.mp4
PD57492PDGT.01-X,PD57492PDGT.01,/Users/annikaimpallomeni/Desktop/ProcessedVideos/PD57492PDGT.01_processed.mp4
PD57492PDKIT-X,PD57492PDKIT,/Users/annikaimpallomeni/Desktop/ProcessedVideos/PD57492PDKIT_processed.mp4
PF27287PB-X,PF27287PB,/Users/annikaimpallomeni/Desktop/ProcessedVideos/PF27287PB_processed.mp4
PG108126PA-X,PG108126PA,/Users/annikaimpallomeni/Desktop/ProcessedVideos/PG108126PA_processed.mp4
PH32862PA-X,PH32862PA,/Users/annikaimpallomeni/Desktop/ProcessedVideos/PH32862PA_processed.mp4
PH32863PA-X,PH32863PA,/Users/annikaimpallomeni/Desktop/ProcessedVideos/PH32863PA_processed.mp4
PJ20478PA-X,PJ20478PA,/Users/annikaimpallomeni/Desktop/ProcessedVideos/PJ20478PA_processed.mp4
PP112816PA-X,PP112816PA,/Users/annikaimpallomeni/Desktop/ProcessedVideos/PP112816PA_processed.mp4
PP30472PB-X,PP30472PB,/Users/annikaimpallomeni/Desktop/ProcessedVideos/PP30472PB_processed.mp4
PP57568PA-X,PP57568PA,/Users/annikaimpallomeni/Desktop/ProcessedVideos/PP57568PA_processed.mp4
PP57569PA-X,PP57569PA,/Users/annikaimpallomeni/Desktop/ProcessedVideos/PP57569PA_processed.mp4
PP59815PAPLA-X,PP59815PAPLA,/Users/annikaimpallomeni/Desktop/ProcessedVideos/PP59815PAPLA_processed.mp4
PSTNRGST3-X,PSTNRGST3,/Users/annikaimpallomeni/Desktop/ProcessedVideos/PSTNRGST3_processed.mp4
PW50191-X,PW50191,/Users/annikaimpallomeni/Desktop/ProcessedVideos/PW50191_processed.mp4
PW50220-X,PW50220,/Users/annikaimpallomeni/Desktop/ProcessedVideos/PW50220_processed.mp4
RB4357MPW-X,RB4357MPW,/Users/annikaimpallomeni/Desktop/ProcessedVideos/RB4357MPW_processed.mp4
RD3727-X,RD3727,/Users/annikaimpallomeni/Desktop/ProcessedVideos/RD3727_processed.mp4
RD6598-X,RD6598,/Users/annikaimpallomeni/Desktop/ProcessedVideos/RD6598_processed.mp4
RE12659-X,RE12659,/Users/annikaimpallomeni/Desktop/ProcessedVideos/RE12659_processed.mp4
RE12970-X,RE12970,/Users/annikaimpallomeni/Desktop/ProcessedVideos/RE12970_processed.mp4
RE15179-X,RE15179,/Users/annikaimpallomeni/Desktop/ProcessedVideos/RE15179_processed.mp4
RE17796-X,RE17796,/Users/annikaimpallomeni/Desktop/ProcessedVideos/RE17796_processed.mp4
RE25265-X,RE25265,/Users/annikaimpallomeni/Desktop/ProcessedVideos/RE25265_processed.mp4
RE25307-X,RE25307,/Users/annikaimpallomeni/Desktop/ProcessedVideos/RE25307_processed.mp4
RE2602-X,RE2602,/Users/annikaimpallomeni/Desktop/ProcessedVideos/RE2602_processed.mp4
RE9906NF-X,RE9906NF,/Users/annikaimpallomeni/Desktop/ProcessedVideos/RE9906NF_processed.mp4
RF3440-X,RF3440,/Users/annikaimpallomeni/Desktop/ProcessedVideos/RF3440_processed.mp4
RF5373KIT-X,RF5373KIT,/Users/annikaimpallomeni/Desktop/ProcessedVideos/RF5373KIT_processed.mp4
RF7157-X,RF7157,/Users/annikaimpallomeni/Desktop/ProcessedVideos/RF7157_processed.mp4
RF7635-X,RF7635,/Users/annikaimpallomeni/Desktop/ProcessedVideos/RF7635_processed.mp4
RF8257-X,RF8257,/Users/annikaimpallomeni/Desktop/ProcessedVideos/RF8257_processed.mp4
RG3212A-X,RG3212A,/Users/annikaimpallomeni/Desktop/ProcessedVideos/RG3212A_processed.mp4
RG5085-X,RG5085,/Users/annikaimpallomeni/Desktop/ProcessedVideos/RG5085_processed.mp4
RG6018-X,RG6018,/Users/annikaimpallomeni/Desktop/ProcessedVideos/RG6018_processed.mp4
RG6547-X,RG6547,/Users/annikaimpallomeni/Desktop/ProcessedVideos/RG6547_processed.mp4
RG6768-X,RG6768,/Users/annikaimpallomeni/Desktop/ProcessedVideos/RG6768_processed.mp4
RG8484-X,RG8484,/Users/annikaimpallomeni/Desktop/ProcessedVideos/RG8484_processed.mp4
RH10166-X,RH10166,/Users/annikaimpallomeni/Desktop/ProcessedVideos/RH10166_processed.mp4
RH10175CTR-X,RH10175CTR,/Users/annikaimpallomeni/Desktop/ProcessedVideos/RH10175CTR_processed.mp4
RH10176-X,RH10176,/Users/annikaimpallomeni/Desktop/ProcessedVideos/RH10176_processed.mp4
RH12050-X,RH12050,/Users/annikaimpallomeni/Desktop/ProcessedVideos/RH12050_processed.mp4
RH13115NF-X,RH13115NF,/Users/annikaimpallomeni/Desktop/ProcessedVideos/RH13115NF_processed.mp4
RH13183-X,RH13183,/Users/annikaimpallomeni/Desktop/ProcessedVideos/RH13183_processed.mp4
RH13495-X,RH13495,/Users/annikaimpallomeni/Desktop/ProcessedVideos/RH13495_processed.mp4
RH13521-X,RH13521,/Users/annikaimpallomeni/Desktop/ProcessedVideos/RH13521_processed.mp4
RH14073GMF-X,RH14073GMF,/Users/annikaimpallomeni/Desktop/ProcessedVideos/RH14073GMF_processed.mp4
RH2082-X,RH2082,/Users/annikaimpallomeni/Desktop/ProcessedVideos/RH2082_processed.mp4
RH2084-X,RH2084,/Users/annikaimpallomeni/Desktop/ProcessedVideos/RH2084_processed.mp4
RH2088-X,RH2088,/Users/annikaimpallomeni/Desktop/ProcessedVideos/RH2088_processed.mp4
RH2089-X,RH2089,/Users/annikaimpallomeni/Desktop/ProcessedVideos/RH2089_processed.mp4
RH2453-X,RH2453,/Users/annikaimpallomeni/Desktop/ProcessedVideos/RH2453_processed.mp4
RH2641-X,RH2641,/Users/annikaimpallomeni/Desktop/ProcessedVideos/RH2641_processed.mp4
RH2644NF-X,RH2644NF,/Users/annikaimpallomeni/Desktop/ProcessedVideos/RH2644NF_processed.mp4
RH2651-X,RH2651,/Users/annikaimpallomeni/Desktop/ProcessedVideos/RH2651_processed.mp4
RH2818-X,RH2818,/Users/annikaimpallomeni/Desktop/ProcessedVideos/RH2818_processed.mp4
RH3377-X,RH3377,/Users/annikaimpallomeni/Desktop/ProcessedVideos/RH3377_processed.mp4
RH3427-X,RH3427,/Users/annikaimpallomeni/Desktop/ProcessedVideos/RH3427_processed.mp4
RH7489-X,RH7489,/Users/annikaimpallomeni/Desktop/ProcessedVideos/RH7489_processed.mp4
RH7978-X,RH7978,/Users/annikaimpallomeni/Desktop/ProcessedVideos/RH7978_processed.mp4
SPC1889-X,SPC1889,/Users/annikaimpallomeni/Desktop/ProcessedVideos/SPC1889_processed.mp4
SPC2374-X,SPC2374,/Users/annikaimpallomeni/Desktop/ProcessedVideos/SPC2374_processed.mp4
SPC2917-X,SPC2917,/Users/annikaimpallomeni/Desktop/ProcessedVideos/SPC2917_processed.mp4
SPC3405-X,SPC3405,/Users/annikaimpallomeni/Desktop/ProcessedVideos/SPC3405_processed.mp4
SPM1286-X,SPM1286,/Users/annikaimpallomeni/Desktop/ProcessedVideos/SPM1286_processed.mp4
SSHYDHSKT2-X,SSHYDHSKT2,/Users/annikaimpallomeni/Desktop/ProcessedVideos/SSHYDHSKT2_processed.mp4
SSHYDHSKT4-X,SSHYDHSKT4,/Users/annikaimpallomeni/Desktop/ProcessedVideos/SSHYDHSKT4_processed.mp4
UB10625-X,UB10625,/Users/annikaimpallomeni/Desktop/ProcessedVideos/UB10625_processed.mp4
UB10677-X,UB10677,/Users/annikaimpallomeni/Desktop/ProcessedVideos/UB10677_processed.mp4
UB1206-X,UB1206,/Users/annikaimpallomeni/Desktop/ProcessedVideos/UB1206_processed.mp4
UB12378-X,UB12378,/Users/annikaimpallomeni/Desktop/ProcessedVideos/UB12378_processed.mp4
UB12856-X,UB12856,/Users/annikaimpallomeni/Desktop/ProcessedVideos/UB12856_processed.mp4
UB13673-X,UB13673,/Users/annikaimpallomeni/Desktop/ProcessedVideos/UB13673_processed.mp4
UB15695-X,UB15695,/Users/annikaimpallomeni/Desktop/ProcessedVideos/UB15695_processed.mp4
UB17748-X,UB17748,/Users/annikaimpallomeni/Desktop/ProcessedVideos/UB17748_processed.mp4
UB2223-X,UB2223,/Users/annikaimpallomeni/Desktop/ProcessedVideos/UB2223_processed.mp4
UB2224-X,UB2224,/Users/annikaimpallomeni/Desktop/ProcessedVideos/UB2224_processed.mp4
UB2460-X,UB2460,/Users/annikaimpallomeni/Desktop/ProcessedVideos/UB2460_processed.mp4
UB30300-X,UB30300,/Users/annikaimpallomeni/Desktop/ProcessedVideos/UB30300_processed.mp4
UB39293-X,UB39293,/Users/annikaimpallomeni/Desktop/ProcessedVideos/UB39293_processed.mp4
UB72648-X,UB72648,/Users/annikaimpallomeni/Desktop/ProcessedVideos/UB72648_processed.mp4
UB72649-X,UB72649,/Users/annikaimpallomeni/Desktop/ProcessedVideos/UB72649_processed.mp4
UB77773-X,UB77773,/Users/annikaimpallomeni/Desktop/ProcessedVideos/UB77773_processed.mp4
UD1233-X,UD1233,/Users/annikaimpallomeni/Desktop/ProcessedVideos/UD1233_processed.mp4
UD12956-X,UD12956,/Users/annikaimpallomeni/Desktop/ProcessedVideos/UD12956_processed.mp4
UD13955-X,UD13955,/Users/annikaimpallomeni/Desktop/ProcessedVideos/UD13955_processed.mp4
UD1455-X,UD1455,/Users/annikaimpallomeni/Desktop/ProcessedVideos/UD1455_processed.mp4
UD1614-X,UD1614,/Users/annikaimpallomeni/Desktop/ProcessedVideos/UD1614_processed.mp4
UD18802-X,UD18802,/Users/annikaimpallomeni/Desktop/ProcessedVideos/UD18802_processed.mp4
UD19949-X,UD19949,/Users/annikaimpallomeni/Desktop/ProcessedVideos/UD19949_processed.mp4
UD19950-X,UD19950,/Users/annikaimpallomeni/Desktop/ProcessedVideos/UD19950_processed.mp4
UD19951-X,UD19951,/Users/annikaimpallomeni/Desktop/ProcessedVideos/UD19951_processed.mp4
UD2161-X,UD2161,/Users/annikaimpallomeni/Desktop/ProcessedVideos/UD2161_processed.mp4
UD22205-X,UD22205,/Users/annikaimpallomeni/Desktop/ProcessedVideos/UD22205_processed.mp4
UD24086-X,UD24086,/Users/annikaimpallomeni/Desktop/ProcessedVideos/UD24086_processed.mp4
UD4020-X,UD4020,/Users/annikaimpallomeni/Desktop/ProcessedVideos/UD4020_processed.mp4
UD71409-X,UD71409,/Users/annikaimpallomeni/Desktop/ProcessedVideos/UD71409_processed.mp4
UD72739-X,UD72739,/Users/annikaimpallomeni/Desktop/ProcessedVideos/UD72739_processed.mp4
UD8005-X,UD8005,/Users/annikaimpallomeni/Desktop/ProcessedVideos/UD8005_processed.mp4
UE1050-X,UE1050,/Users/annikaimpallomeni/Desktop/ProcessedVideos/UE1050_processed.mp4
UE2468-X,UE2468,/Users/annikaimpallomeni/Desktop/ProcessedVideos/UE2468_processed.mp4
UE32391BR-X,UE32391BR,/Users/annikaimpallomeni/Desktop/ProcessedVideos/UE32391BR_processed.mp4
UE3287-X,UE3287,/Users/annikaimpallomeni/Desktop/ProcessedVideos/UE3287_processed.mp4
UE3476-X,UE3476,/Users/annikaimpallomeni/Desktop/ProcessedVideos/UE3476_processed.mp4
UE36200-X,UE36200,/Users/annikaimpallomeni/Desktop/ProcessedVideos/UE36200_processed.mp4
UE36782-X,UE36782,/Users/annikaimpallomeni/Desktop/ProcessedVideos/UE36782_processed.mp4
UE37061-X,UE37061,/Users/annikaimpallomeni/Desktop/ProcessedVideos/UE37061_processed.mp4
UE37777-X,UE37777,/Users/annikaimpallomeni/Desktop/ProcessedVideos/UE37777_processed.mp4
UE38223-X,UE38223,/Users/annikaimpallomeni/Desktop/ProcessedVideos/UE38223_processed.mp4
UE40167-X,UE40167,/Users/annikaimpallomeni/Desktop/ProcessedVideos/UE40167_processed.mp4
UE40534HB-X,UE40534HB,/Users/annikaimpallomeni/Desktop/ProcessedVideos/UE40534HB_processed.mp4
UE41719-X,UE41719,/Users/annikaimpallomeni/Desktop/ProcessedVideos/UE41719_processed.mp4
UE42285-X,UE42285,/Users/annikaimpallomeni/Desktop/ProcessedVideos/UE42285_processed.mp4
UE42302-X,UE42302,/Users/annikaimpallomeni/Desktop/ProcessedVideos/UE42302_processed.mp4
UE42479-X,UE42479,/Users/annikaimpallomeni/Desktop/ProcessedVideos/UE42479_processed.mp4
UE43652-X,UE43652,/Users/annikaimpallomeni/Desktop/ProcessedVideos/UE43652_processed.mp4
UE43934NF.02-X,UE43934NF.02,/Users/annikaimpallomeni/Desktop/ProcessedVideos/UE43934NF.02_processed.mp4
UE44724-X,UE44724,/Users/annikaimpallomeni/Desktop/ProcessedVideos/UE44724_processed.mp4
UE44919-X,UE44919,/Users/annikaimpallomeni/Desktop/ProcessedVideos/UE44919_processed.mp4
UE45015-X,UE45015,/Users/annikaimpallomeni/Desktop/ProcessedVideos/UE45015_processed.mp4
UE46127-X,UE46127,/Users/annikaimpallomeni/Desktop/ProcessedVideos/UE46127_processed.mp4
UE5735-X,UE5735,/Users/annikaimpallomeni/Desktop/ProcessedVideos/UE5735_processed.mp4
UE6211-18-X,UE6211-18,/Users/annikaimpallomeni/Desktop/ProcessedVideos/UE6211-18_processed.mp4
UE71222S-X,UE71222S,/Users/annikaimpallomeni/Desktop/ProcessedVideos/UE71222S_processed.mp4
UE73704-X,UE73704,/Users/annikaimpallomeni/Desktop/ProcessedVideos/UE73704_processed.mp4
UE75183-X,UE75183,/Users/annikaimpallomeni/Desktop/ProcessedVideos/UE75183_processed.mp4
UE75318-X,UE75318,/Users/annikaimpallomeni/Desktop/ProcessedVideos/UE75318_processed.mp4
UE75554-X,UE75554,/Users/annikaimpallomeni/Desktop/ProcessedVideos/UE75554_processed.mp4
UE8232-X,UE8232,/Users/annikaimpallomeni/Desktop/ProcessedVideos/UE8232_processed.mp4
UE9690-X,UE9690,/Users/annikaimpallomeni/Desktop/ProcessedVideos/UE9690_processed.mp4
UG11121-X,UG11121,/Users/annikaimpallomeni/Desktop/ProcessedVideos/UG11121_processed.mp4
UG12114-X,UG12114,/Users/annikaimpallomeni/Desktop/ProcessedVideos/UG12114_processed.mp4
UG13203-X,UG13203,/Users/annikaimpallomeni/Desktop/ProcessedVideos/UG13203_processed.mp4
UG13204-X,UG13204,/Users/annikaimpallomeni/Desktop/ProcessedVideos/UG13204_processed.mp4
UG14118-X,UG14118,/Users/annikaimpallomeni/Desktop/ProcessedVideos/UG14118_processed.mp4
UG14381-X,UG14381,/Users/annikaimpallomeni/Desktop/ProcessedVideos/UG14381_processed.mp4
UG14486-X,UG14486,/Users/annikaimpallomeni/Desktop/ProcessedVideos/UG14486_processed.mp4
UG2726-X,UG2726,/Users/annikaimpallomeni/Desktop/ProcessedVideos/UG2726_processed.mp4
UG2747-X,UG2747,/Users/annikaimpallomeni/Desktop/ProcessedVideos/UG2747_processed.mp4
UR1021-X,UR1021,/Users/annikaimpallomeni/Desktop/ProcessedVideos/UR1021_processed.mp4
UR10489PL-X,UR10489PL,/Users/annikaimpallomeni/Desktop/ProcessedVideos/UR10489PL_processed.mp4
UR1173-X,UR1173,/Users/annikaimpallomeni/Desktop/ProcessedVideos/UR1173_processed.mp4
UR12360-X,UR12360,/Users/annikaimpallomeni/Desktop/ProcessedVideos/UR12360_processed.mp4
UR13211PL-X,UR13211PL,/Users/annikaimpallomeni/Desktop/ProcessedVideos/UR13211PL_processed.mp4
UR13418-X,UR13418,/Users/annikaimpallomeni/Desktop/ProcessedVideos/UR13418_processed.mp4
UR13591-X,UR13591,/Users/annikaimpallomeni/Desktop/ProcessedVideos/UR13591_processed.mp4
UR13760-X,UR13760,/Users/annikaimpallomeni/Desktop/ProcessedVideos/UR13760_processed.mp4
UR14105-X,UR14105,/Users/annikaimpallomeni/Desktop/ProcessedVideos/UR14105_processed.mp4
UR15278-X,UR15278,/Users/annikaimpallomeni/Desktop/ProcessedVideos/UR15278_processed.mp4
UR15985-X,UR15985,/Users/annikaimpallomeni/Desktop/ProcessedVideos/UR15985_processed.mp4
UR16730NF-X,UR16730NF,/Users/annikaimpallomeni/Desktop/ProcessedVideos/UR16730NF_processed.mp4
UR16776-X,UR16776,/Users/annikaimpallomeni/Desktop/ProcessedVideos/UR16776_processed.mp4
UR17518-X,UR17518,/Users/annikaimpallomeni/Desktop/ProcessedVideos/UR17518_processed.mp4
UR17759-X,UR17759,/Users/annikaimpallomeni/Desktop/ProcessedVideos/UR17759_processed.mp4
UR17761-X,UR17761,/Users/annikaimpallomeni/Desktop/ProcessedVideos/UR17761_processed.mp4
UR17762-X,UR17762,/Users/annikaimpallomeni/Desktop/ProcessedVideos/UR17762_processed.mp4
UR17886-X,UR17886,/Users/annikaimpallomeni/Desktop/ProcessedVideos/UR17886_processed.mp4
UR18956F-X,UR18956F,/Users/annikaimpallomeni/Desktop/ProcessedVideos/UR18956F_processed.mp4
UR19244-X,UR19244,/Users/annikaimpallomeni/Desktop/ProcessedVideos/UR19244_processed.mp4
UR19245-X,UR19245,/Users/annikaimpallomeni/Desktop/ProcessedVideos/UR19245_processed.mp4
UR19247-X,UR19247,/Users/annikaimpallomeni/Desktop/ProcessedVideos/UR19247_processed.mp4
UR19939-X,UR19939,/Users/annikaimpallomeni/Desktop/ProcessedVideos/UR19939_processed.mp4
UR20144-X,UR20144,/Users/annikaimpallomeni/Desktop/ProcessedVideos/UR20144_processed.mp4
UR20917KIT-X,UR20917KIT,/Users/annikaimpallomeni/Desktop/ProcessedVideos/UR20917KIT_processed.mp4
UR21273-X,UR21273,/Users/annikaimpallomeni/Desktop/ProcessedVideos/UR21273_processed.mp4
UR22921-X,UR22921,/Users/annikaimpallomeni/Desktop/ProcessedVideos/UR22921_processed.mp4
UR2318KT-X,UR2318KT,/Users/annikaimpallomeni/Desktop/ProcessedVideos/UR2318KT_processed.mp4
UR23270-X,UR23270,/Users/annikaimpallomeni/Desktop/ProcessedVideos/UR23270_processed.mp4
UR23318-X,UR23318,/Users/annikaimpallomeni/Desktop/ProcessedVideos/UR23318_processed.mp4
UR264KIT-X,UR264KIT,/Users/annikaimpallomeni/Desktop/ProcessedVideos/UR264KIT_processed.mp4
UR26630-X,UR26630,/Users/annikaimpallomeni/Desktop/ProcessedVideos/UR26630_processed.mp4
UR26787-X,UR26787,/Users/annikaimpallomeni/Desktop/ProcessedVideos/UR26787_processed.mp4
UR27176-X,UR27176,/Users/annikaimpallomeni/Desktop/ProcessedVideos/UR27176_processed.mp4
UR27667-X,UR27667,/Users/annikaimpallomeni/Desktop/ProcessedVideos/UR27667_processed.mp4
UR3285-X,UR3285,/Users/annikaimpallomeni/Desktop/ProcessedVideos/UR3285_processed.mp4
UR3344-X,UR3344,/Users/annikaimpallomeni/Desktop/ProcessedVideos/UR3344_processed.mp4
UR3398KIT-X,UR3398KIT,/Users/annikaimpallomeni/Desktop/ProcessedVideos/UR3398KIT_processed.mp4
UR3797MP-X,UR3797MP,/Users/annikaimpallomeni/Desktop/ProcessedVideos/UR3797MP_processed.mp4
UR3941-X,UR3941,/Users/annikaimpallomeni/Desktop/ProcessedVideos/UR3941_processed.mp4
UR4639-X,UR4639,/Users/annikaimpallomeni/Desktop/ProcessedVideos/UR4639_processed.mp4
UR512-X,UR512,/Users/annikaimpallomeni/Desktop/ProcessedVideos/UR512_processed.mp4
UR5137-X,UR5137,/Users/annikaimpallomeni/Desktop/ProcessedVideos/UR5137_processed.mp4
UR70531-X,UR70531,/Users/annikaimpallomeni/Desktop/ProcessedVideos/UR70531_processed.mp4
UR70677-X,UR70677,/Users/annikaimpallomeni/Desktop/ProcessedVideos/UR70677_processed.mp4
UR71238-X,UR71238,/Users/annikaimpallomeni/Desktop/ProcessedVideos/UR71238_processed.mp4
UR73208-X,UR73208,/Users/annikaimpallomeni/Desktop/ProcessedVideos/UR73208_processed.mp4
UR73256KT-X,UR73256KT,/Users/annikaimpallomeni/Desktop/ProcessedVideos/UR73256KT_processed.mp4
UR73500-X,UR73500,/Users/annikaimpallomeni/Desktop/ProcessedVideos/UR73500_processed.mp4
UR8016ORK-X,UR8016ORK,/Users/annikaimpallomeni/Desktop/ProcessedVideos/UR8016ORK_processed.mp4
UR8016RBKT-X,UR8016RBKT,/Users/annikaimpallomeni/Desktop/ProcessedVideos/UR8016RBKT_processed.mp4
UR814-X,UR814,/Users/annikaimpallomeni/Desktop/ProcessedVideos/UR814_processed.mp4
UT10827PD-X,UT10827PD,/Users/annikaimpallomeni/Desktop/ProcessedVideos/UT10827PD_processed.mp4
UT11677PD-X,UT11677PD,/Users/annikaimpallomeni/Desktop/ProcessedVideos/UT11677PD_processed.mp4
UT11677PDMAG-X,UT11677PD,/Users/annikaimpallomeni/Desktop/ProcessedVideos/UT11677PD_processed.mp4
UV20428PA-X,UV20428PA,/Users/annikaimpallomeni/Desktop/ProcessedVideos/UV20428PA_processed.mp4
UV20431PA-X,UV20431PA,/Users/annikaimpallomeni/Desktop/ProcessedVideos/UV20431PA_processed.mp4
WT10185-X,WT10185,/Users/annikaimpallomeni/Desktop/ProcessedVideos/WT10185_processed.mp4
XB7106R-X,XB7106R,/Users/annikaimpallomeni/Desktop/ProcessedVideos/XB7106R_processed.mp4
Z265-127-X,Z265-127,/Users/annikaimpallomeni/Desktop/ProcessedVideos/Z265-127_processed.mp4